Província,Distrito,Posto Administrativo,Localidade,Local,Código da Assembleia de Voto,Número de Eleitores Inscritos,FRELIMO,MDM,RENAMO,JPC,CAD,E-POVO,UE,PPPM,PVM,PASOMO,SCM,PDM,Votos Válidos,Votos Nulos,Votos em Branco,Total de Votantes,Abstenções
MAPUTO CIDADE,MUNICIPAL KAMUBUKUANE,MUNICIPAL KAMUBUKUANE,25 DE JUNHO " A",ESCOLA PRIMÁRIA RUA 4,1113401 .,800,305,34,189,2,1,0,1,0,0,0,0,0,532,3,11,546,254
MAPUTO CIDADE,MUNICIPAL KAMUBUKUANE,MUNICIPAL KAMUBUKUANE,25 DE JUNHO " A",ESCOLA PRIMÁRIA RUA 4,1113402 .,800,265,27,208,6,3,1,1,0,0,1,0,1,513,2,6,521,279
MAPUTO CIDADE,MUNICIPAL KAMUBUKUANE,MUNICIPAL KAMUBUKUANE,25 DE JUNHO " A",ESCOLA PRIMÁRIA RUA 4,1113403 .,528,150,19,142,1,0,0,0,0,0,0,0,0,312,3,6,321,207
MAPUTO CIDADE,MUNICIPAL KAMUBUKUANE,MUNICIPAL KAMUBUKUANE,25 DE JUNHO " A",ESCOLA PRIMÁRIA RUA 7,1113301 .,800,294,23,201,1,0,0,0,0,0,0,1,0,520,9,8,537,263
MAPUTO CIDADE,MUNICIPAL KAMUBUKUANE,MUNICIPAL KAMUBUKUANE,25 DE JUNHO " A",ESCOLA PRIMÁRIA RUA 7,1113302 .,800,252,26,207,4,0,0,0,0,1,0,1,0,491,4,14,509,291
MAPUTO CIDADE,MUNICIPAL KAMUBUKUANE,MUNICIPAL KAMUBUKUANE,25 DE JUNHO " A",ESCOLA PRIMÁRIA RUA 7,1113303 .,679,204,20,173,3,0,0,1,0,0,0,0,0,401,5,10,416,263
MAPUTO CIDADE,MUNICIPAL KAMUBUKUANE,MUNICIPAL KAMUBUKUANE,25 DE JUNHO " A",ESCOLA SEC. ZEDEQUIAS MANGANHELA,11135-01 .,800,270,19,194,1,0,1,0,0,0,1,0,0,486,3,9,498,302
MAPUTO CIDADE,MUNICIPAL KAMUBUKUANE,MUNICIPAL KAMUBUKUANE,25 DE JUNHO " A",ESCOLA SEC. ZEDEQUIAS MANGANHELA,11135-02 .,800,247,24,213,2,1,0,0,0,0,0,1,0,488,7,14,509,291
MAPUTO CIDADE,MUNICIPAL KAMUBUKUANE,MUNICIPAL KAMUBUKUANE,25 DE JUNHO " A",ESCOLA SEC. ZEDEQUIAS MANGANHELA,11135-03 .,800,268,37,186,5,0,0,1,0,0,0,1,0,498,3,6,507,293
MAPUTO CIDADE,MUNICIPAL KAMUBUKUANE,MUNICIPAL KAMUBUKUANE,25 DE JUNHO " A",ESCOLA SEC. ZEDEQUIAS MANGANHELA,11135-04 .,800,263,28,180,3,0,0,1,0,0,0,3,0,478,7,16,501,299
MAPUTO CIDADE,MUNICIPAL KAMUBUKUANE,MUNICIPAL KAMUBUKUANE,25 DE JUNHO " A",ESCOLA SEC. ZEDEQUIAS MANGANHELA,11135-05 .,696,212,34,160,5,0,0,0,1,0,1,3,1,417,0,4,421,275
MAPUTO CIDADE,MUNICIPAL KAMUBUKUANE,MUNICIPAL KAMUBUKUANE,25 DE JUNHO "B",COOPERATIVA NGUNGUNHANE - RELENTO,1113701 .,800,321,17,182,2,0,1,0,0,0,0,3,2,528,6,7,541,259
MAPUTO CIDADE,MUNICIPAL KAMUBUKUANE,MUNICIPAL KAMUBUKUANE,25 DE JUNHO "B",COOPERATIVA NGUNGUNHANE - RELENTO,1113702 .,800,260,30,180,3,1,0,1,1,1,0,3,0,480,2,8,490,310
MAPUTO CIDADE,MUNICIPAL KAMUBUKUANE,MUNICIPAL KAMUBUKUANE,25 DE JUNHO "B",COOPERATIVA NGUNGUNHANE - RELENTO,1113703 .,800,262,29,175,0,0,0,0,0,2,0,3,1,472,3,11,486,314
MAPUTO CIDADE,MUNICIPAL KAMUBUKUANE,MUNICIPAL KAMUBUKUANE,25 DE JUNHO "B",COOPERATIVA NGUNGUNHANE - RELENTO,1113704 .,783,260,32,150,2,0,0,1,0,2,1,0,0,448,5,5,458,325
MAPUTO CIDADE,MUNICIPAL KAMUBUKUANE,MUNICIPAL KAMUBUKUANE,25 DE JUNHO "B",ESCOLA PRIMÁRIA UNIDADE 30,11136-01 .,800,349,25,161,0,1,0,1,0,0,1,1,0,539,4,18,561,239
MAPUTO CIDADE,MUNICIPAL KAMUBUKUANE,MUNICIPAL KAMUBUKUANE,25 DE JUNHO "B",ESCOLA PRIMÁRIA UNIDADE 30,11136-02 .,800,291,19,161,3,2,0,0,0,2,0,0,0,478,4,8,490,310
MAPUTO CIDADE,MUNICIPAL KAMUBUKUANE,MUNICIPAL KAMUBUKUANE,25 DE JUNHO "B",ESCOLA PRIMÁRIA UNIDADE 30,11136-03 .,800,276,29,184,1,1,0,1,1,0,1,0,0,494,2,13,509,291
MAPUTO CIDADE,MUNICIPAL KAMUBUKUANE,MUNICIPAL KAMUBUKUANE,25 DE JUNHO "B",ESCOLA PRIMÁRIA UNIDADE 30,11136-04 .,800,276,25,189,7,0,0,0,0,2,1,0,1,501,4,10,515,285
MAPUTO CIDADE,MUNICIPAL KAMUBUKUANE,MUNICIPAL KAMUBUKUANE,25 DE JUNHO "B",ESCOLA PRIMÁRIA UNIDADE 30,11136-05 .,489,170,12,100,0,0,0,0,0,0,0,2,1,285,1,3,289,200
MAPUTO CIDADE,MUNICIPAL KAMUBUKUANE,MUNICIPAL KAMUBUKUANE,25 DE JUNHO "B",QUARTEIRÃO 17-  DAYMANE  - RELENTO,1113801 .,800,321,23,175,1,0,0,1,0,0,0,0,0,521,17,29,567,233
MAPUTO CIDADE,MUNICIPAL KAMUBUKUANE,MUNICIPAL KAMUBUKUANE,25 DE JUNHO "B",QUARTEIRÃO 17-  DAYMANE  - RELENTO,1113802 .,800,322,18,165,1,0,0,1,0,0,0,4,0,511,3,8,522,278
MAPUTO CIDADE,MUNICIPAL KAMUBUKUANE,MUNICIPAL KAMUBUKUANE,25 DE JUNHO "B",QUARTEIRÃO 17-  DAYMANE  - RELENTO,1113803 .,800,267,17,147,1,0,0,0,0,0,2,3,0,437,10,12,459,341
MAPUTO CIDADE,MUNICIPAL KAMUBUKUANE,MUNICIPAL KAMUBUKUANE,25 DE JUNHO "B",QUARTEIRÃO 17-  DAYMANE  - RELENTO,1113804 .,800,254,27,156,2,0,0,1,0,2,1,0,0,443,3,13,459,341
MAPUTO CIDADE,MUNICIPAL KAMUBUKUANE,MUNICIPAL KAMUBUKUANE,25 DE JUNHO "B",QUARTEIRÃO 17-  DAYMANE  - RELENTO,1113805 .,586,195,24,102,2,0,0,1,0,0,1,2,0,327,7,11,345,241
MAPUTO CIDADE,MUNICIPAL KAMUBUKUANE,MUNICIPAL KAMUBUKUANE,BAGAMOYO,ESCOLA PRIMÁRIA DE BAGAMOYO,1113901 .,800,361,21,136,1,1,2,2,0,5,0,5,1,535,4,16,555,245
MAPUTO CIDADE,MUNICIPAL KAMUBUKUANE,MUNICIPAL KAMUBUKUANE,BAGAMOYO,ESCOLA PRIMÁRIA DE BAGAMOYO,1113902 .,800,419,30,162,3,2,0,0,0,0,2,3,0,621,1,12,634,166
MAPUTO CIDADE,MUNICIPAL KAMUBUKUANE,MUNICIPAL KAMUBUKUANE,BAGAMOYO,ESCOLA PRIMÁRIA DE BAGAMOYO,1113903 .,800,321,27,148,1,0,0,0,1,0,0,3,0,501,4,15,520,280
MAPUTO CIDADE,MUNICIPAL KAMUBUKUANE,MUNICIPAL KAMUBUKUANE,BAGAMOYO,ESCOLA PRIMÁRIA DE BAGAMOYO,1113904 .,800,272,21,162,2,3,1,0,0,1,0,3,0,465,3,9,477,323
MAPUTO CIDADE,MUNICIPAL KAMUBUKUANE,MUNICIPAL KAMUBUKUANE,BAGAMOYO,ESCOLA PRIMÁRIA DE BAGAMOYO,1113905A .,400,154,7,91,1,0,0,0,0,0,0,1,1,255,2,3,260,140
MAPUTO CIDADE,MUNICIPAL KAMUBUKUANE,MUNICIPAL KAMUBUKUANE,BAGAMOYO,ESCOLA PRIMÁRIA DE BAGAMOYO,1113905B .,679,233,22,130,0,1,0,0,0,0,0,3,0,389,3,5,397,282
MAPUTO CIDADE,MUNICIPAL KAMUBUKUANE,MUNICIPAL KAMUBUKUANE,BAGAMOYO,ESCOLA PRIMÁRIA INFULENE BENFICA,1114101 .,800,292,19,189,3,0,0,0,0,0,1,1,1,506,4,16,526,274
MAPUTO CIDADE,MUNICIPAL KAMUBUKUANE,MUNICIPAL KAMUBUKUANE,BAGAMOYO,ESCOLA PRIMÁRIA INFULENE BENFICA,1114102 .,800,270,26,205,0,0,0,1,0,0,1,2,0,505,6,10,521,279
MAPUTO CIDADE,MUNICIPAL KAMUBUKUANE,MUNICIPAL KAMUBUKUANE,BAGAMOYO,ESCOLA PRIMÁRIA INFULENE BENFICA,1114103A .,400,134,20,85,0,0,0,0,0,0,0,1,0,240,3,2,245,155
MAPUTO CIDADE,MUNICIPAL KAMUBUKUANE,MUNICIPAL KAMUBUKUANE,BAGAMOYO,ESCOLA PRIMÁRIA INFULENE BENFICA,1114103B .,507,147,16,128,0,1,0,0,0,0,1,2,0,295,2,11,308,199
MAPUTO CIDADE,MUNICIPAL KAMUBUKUANE,MUNICIPAL KAMUBUKUANE,BAGAMOYO,ESCOLA SECUNDÁRIA DE BAGAMOYO,1114001 .,800,322,29,131,0,0,0,0,2,0,0,2,1,487,7,19,513,287
MAPUTO CIDADE,MUNICIPAL KAMUBUKUANE,MUNICIPAL KAMUBUKUANE,BAGAMOYO,ESCOLA SECUNDÁRIA DE BAGAMOYO,1114002 .,800,266,24,173,1,2,0,0,1,1,2,0,0,470,6,9,485,315
MAPUTO CIDADE,MUNICIPAL KAMUBUKUANE,MUNICIPAL KAMUBUKUANE,BAGAMOYO,ESCOLA SECUNDÁRIA DE BAGAMOYO,1114003 .,800,289,18,172,1,0,1,0,0,0,3,2,0,486,4,9,499,301
MAPUTO CIDADE,MUNICIPAL KAMUBUKUANE,MUNICIPAL KAMUBUKUANE,BAGAMOYO,ESCOLA SECUNDÁRIA DE BAGAMOYO,1114004 .,800,284,25,165,1,0,0,0,0,0,0,0,0,475,6,12,493,307
MAPUTO CIDADE,MUNICIPAL KAMUBUKUANE,MUNICIPAL KAMUBUKUANE,BAGAMOYO,ESCOLA SECUNDÁRIA DE BAGAMOYO,1114005 .,800,257,28,167,3,0,0,0,0,0,0,0,0,455,3,4,462,338
MAPUTO CIDADE,MUNICIPAL KAMUBUKUANE,MUNICIPAL KAMUBUKUANE,BAGAMOYO,ESCOLA SECUNDÁRIA DE BAGAMOYO,1114005B .,543,146,23,116,1,0,0,1,0,0,2,2,0,291,3,6,300,243
MAPUTO CIDADE,MUNICIPAL KAMUBUKUANE,MUNICIPAL KAMUBUKUANE,BAGAMOYO,ESCOLA SECUNDÁRIA DE BAGAMOYO,1114006A .,400,124,22,88,0,0,1,0,0,0,1,1,0,237,3,6,246,154
MAPUTO CIDADE,MUNICIPAL KAMUBUKUANE,MUNICIPAL KAMUBUKUANE,GEORGE DIMITROV,CRDS,1114401 .,800,234,18,212,0,0,1,0,0,0,0,0,0,465,9,18,492,308
MAPUTO CIDADE,MUNICIPAL KAMUBUKUANE,MUNICIPAL KAMUBUKUANE,GEORGE DIMITROV,CRDS,1114402 .,800,228,19,197,0,1,0,0,0,0,2,0,0,447,8,15,470,330
MAPUTO CIDADE,MUNICIPAL KAMUBUKUANE,MUNICIPAL KAMUBUKUANE,GEORGE DIMITROV,CRDS,1114403 .,800,245,19,196,0,0,0,0,1,2,0,1,0,464,3,10,477,323
MAPUTO CIDADE,MUNICIPAL KAMUBUKUANE,MUNICIPAL KAMUBUKUANE,GEORGE DIMITROV,CRDS,1114404A .,400,127,6,94,1,0,0,0,0,0,1,1,0,230,5,3,238,162
MAPUTO CIDADE,MUNICIPAL KAMUBUKUANE,MUNICIPAL KAMUBUKUANE,GEORGE DIMITROV,CRDS,1114404B .,571,166,13,153,0,0,0,0,0,0,0,0,0,332,2,7,341,230
MAPUTO CIDADE,MUNICIPAL KAMUBUKUANE,MUNICIPAL KAMUBUKUANE,GEORGE DIMITROV,ESCOLA COMUNIT. 19 OUTUBRO (4 SALINHAS),1114601 .,800,280,32,186,0,0,0,0,1,1,0,3,0,503,3,15,521,279
MAPUTO CIDADE,MUNICIPAL KAMUBUKUANE,MUNICIPAL KAMUBUKUANE,GEORGE DIMITROV,ESCOLA COMUNIT. 19 OUTUBRO (4 SALINHAS),1114602 .,800,261,24,207,3,1,2,1,0,0,1,0,0,500,2,14,516,284
MAPUTO CIDADE,MUNICIPAL KAMUBUKUANE,MUNICIPAL KAMUBUKUANE,GEORGE DIMITROV,ESCOLA COMUNIT. 19 OUTUBRO (4 SALINHAS),1114603 .,800,266,19,166,1,0,0,3,0,1,0,1,1,458,2,8,468,332
MAPUTO CIDADE,MUNICIPAL KAMUBUKUANE,MUNICIPAL KAMUBUKUANE,GEORGE DIMITROV,ESCOLA COMUNIT. 19 OUTUBRO (4 SALINHAS),1114604 .,800,267,19,153,0,0,0,0,0,0,1,1,1,442,2,16,460,340
MAPUTO CIDADE,MUNICIPAL KAMUBUKUANE,MUNICIPAL KAMUBUKUANE,GEORGE DIMITROV,ESCOLA COMUNIT. 19 OUTUBRO (4 SALINHAS),1114605 .,747,236,27,133,2,1,0,0,0,0,0,1,0,400,5,3,408,339
MAPUTO CIDADE,MUNICIPAL KAMUBUKUANE,MUNICIPAL KAMUBUKUANE,GEORGE DIMITROV,ESCOLA PRIMÁRIA 1 DE JUNHO,1114301 .,800,325,28,159,1,0,0,2,0,0,1,0,0,516,4,6,526,274
MAPUTO CIDADE,MUNICIPAL KAMUBUKUANE,MUNICIPAL KAMUBUKUANE,GEORGE DIMITROV,ESCOLA PRIMÁRIA 1 DE JUNHO,1114302 .,800,305,14,159,2,0,0,0,0,0,1,0,0,481,4,11,496,304
MAPUTO CIDADE,MUNICIPAL KAMUBUKUANE,MUNICIPAL KAMUBUKUANE,GEORGE DIMITROV,ESCOLA PRIMÁRIA 1 DE JUNHO,1114303 .,800,276,19,184,0,0,0,0,0,0,2,3,1,485,2,13,500,300
MAPUTO CIDADE,MUNICIPAL KAMUBUKUANE,MUNICIPAL KAMUBUKUANE,GEORGE DIMITROV,ESCOLA PRIMÁRIA 1 DE JUNHO,1114304 .,800,295,24,163,2,0,1,2,0,0,0,2,1,490,1,8,499,301
MAPUTO CIDADE,MUNICIPAL KAMUBUKUANE,MUNICIPAL KAMUBUKUANE,GEORGE DIMITROV,ESCOLA PRIMÁRIA 1 DE JUNHO,1114305 .,800,275,28,174,0,0,0,0,0,0,0,3,0,480,2,6,488,312
MAPUTO CIDADE,MUNICIPAL KAMUBUKUANE,MUNICIPAL KAMUBUKUANE,GEORGE DIMITROV,ESCOLA PRIMÁRIA 1 DE JUNHO,1114306 .,800,244,28,158,1,1,0,0,0,0,2,1,0,435,7,11,453,347
MAPUTO CIDADE,MUNICIPAL KAMUBUKUANE,MUNICIPAL KAMUBUKUANE,GEORGE DIMITROV,ESCOLA PRIMÁRIA 1 DE JUNHO,1114307 .,563,164,22,102,2,0,0,0,0,0,0,1,0,291,3,3,297,266
MAPUTO CIDADE,MUNICIPAL KAMUBUKUANE,MUNICIPAL KAMUBUKUANE,GEORGE DIMITROV,ESCOLA PRIMÁRIA MUBUKWANA,1114501 .,800,292,32,173,3,3,0,2,1,0,0,1,0,507,12,6,525,275
MAPUTO CIDADE,MUNICIPAL KAMUBUKUANE,MUNICIPAL KAMUBUKUANE,GEORGE DIMITROV,ESCOLA PRIMÁRIA MUBUKWANA,1114502 .,800,282,37,176,0,2,1,1,0,0,0,1,0,500,8,12,520,280
MAPUTO CIDADE,MUNICIPAL KAMUBUKUANE,MUNICIPAL KAMUBUKUANE,GEORGE DIMITROV,ESCOLA PRIMÁRIA MUBUKWANA,1114503 .,800,247,49,184,2,0,0,0,0,1,0,0,0,483,3,13,499,301
MAPUTO CIDADE,MUNICIPAL KAMUBUKUANE,MUNICIPAL KAMUBUKUANE,GEORGE DIMITROV,ESCOLA PRIMÁRIA MUBUKWANA,1114504 .,800,272,45,155,0,0,0,0,0,0,0,1,0,473,10,12,495,305
MAPUTO CIDADE,MUNICIPAL KAMUBUKUANE,MUNICIPAL KAMUBUKUANE,GEORGE DIMITROV,ESCOLA PRIMÁRIA MUBUKWANA,1114505 .,800,252,36,162,0,1,0,0,0,0,0,1,0,452,5,17,474,326
MAPUTO CIDADE,MUNICIPAL KAMUBUKUANE,MUNICIPAL KAMUBUKUANE,GEORGE DIMITROV,ESCOLA PRIMÁRIA MUBUKWANA,1114506 .,573,158,17,102,0,1,0,0,0,0,1,1,0,280,5,7,292,281
MAPUTO CIDADE,MUNICIPAL KAMUBUKUANE,MUNICIPAL KAMUBUKUANE,GEORGE DIMITROV,ESCOLA PRIMÁRIA UNIDADE 29,1114201 .,800,262,18,171,2,0,0,1,0,0,0,0,0,454,3,28,485,315
MAPUTO CIDADE,MUNICIPAL KAMUBUKUANE,MUNICIPAL KAMUBUKUANE,GEORGE DIMITROV,ESCOLA PRIMÁRIA UNIDADE 29,1114202 .,800,271,20,164,0,0,0,0,1,0,0,0,0,456,8,12,476,324
MAPUTO CIDADE,MUNICIPAL KAMUBUKUANE,MUNICIPAL KAMUBUKUANE,GEORGE DIMITROV,ESCOLA PRIMÁRIA UNIDADE 29,1114203 .,800,253,19,176,1,2,0,0,0,0,1,2,0,454,5,19,478,322
MAPUTO CIDADE,MUNICIPAL KAMUBUKUANE,MUNICIPAL KAMUBUKUANE,GEORGE DIMITROV,ESCOLA PRIMÁRIA UNIDADE 29,1114204 .,800,271,21,195,3,0,0,1,0,0,0,0,0,491,4,18,513,287
MAPUTO CIDADE,MUNICIPAL KAMUBUKUANE,MUNICIPAL KAMUBUKUANE,GEORGE DIMITROV,ESCOLA PRIMÁRIA UNIDADE 29,1114205A .,400,128,9,81,1,0,0,0,0,0,0,0,0,219,2,6,227,173
MAPUTO CIDADE,MUNICIPAL KAMUBUKUANE,MUNICIPAL KAMUBUKUANE,GEORGE DIMITROV,ESCOLA PRIMÁRIA UNIDADE 29,1114205B .,600,180,20,123,1,1,0,0,0,0,0,0,0,325,2,5,332,268
MAPUTO CIDADE,MUNICIPAL KAMUBUKUANE,MUNICIPAL KAMUBUKUANE,INHAGOIA " A",COOPERATIVA ZED. MANGANHELA - RELENTO,1112901 .,800,269,18,175,0,0,0,1,1,0,1,0,0,465,12,36,513,287
MAPUTO CIDADE,MUNICIPAL KAMUBUKUANE,MUNICIPAL KAMUBUKUANE,INHAGOIA " A",COOPERATIVA ZED. MANGANHELA - RELENTO,1112902 .,800,206,24,191,2,1,0,0,1,0,1,0,0,426,5,15,446,354
MAPUTO CIDADE,MUNICIPAL KAMUBUKUANE,MUNICIPAL KAMUBUKUANE,INHAGOIA " A",COOPERATIVA ZED. MANGANHELA - RELENTO,1112903A .,400,139,15,98,0,0,0,0,0,0,1,1,1,255,5,1,261,139
MAPUTO CIDADE,MUNICIPAL KAMUBUKUANE,MUNICIPAL KAMUBUKUANE,INHAGOIA " A",COOPERATIVA ZED. MANGANHELA - RELENTO,1112903B .,621,163,20,130,1,2,0,0,0,0,0,0,0,316,3,6,325,296
MAPUTO CIDADE,MUNICIPAL KAMUBUKUANE,MUNICIPAL KAMUBUKUANE,INHAGOIA " A",ESCOLA PRIMÁRIA INHAGOÍA "A",1112801 .,800,312,14,153,1,0,1,1,1,0,1,1,0,485,3,23,511,289
MAPUTO CIDADE,MUNICIPAL KAMUBUKUANE,MUNICIPAL KAMUBUKUANE,INHAGOIA " A",ESCOLA PRIMÁRIA INHAGOÍA "A",1112802 .,800,247,20,159,0,0,0,0,0,1,0,0,1,428,12,16,456,344
MAPUTO CIDADE,MUNICIPAL KAMUBUKUANE,MUNICIPAL KAMUBUKUANE,INHAGOIA " A",ESCOLA PRIMÁRIA INHAGOÍA "A",1112803 .,800,253,25,145,0,2,0,0,0,0,0,0,0,425,5,26,456,344
MAPUTO CIDADE,MUNICIPAL KAMUBUKUANE,MUNICIPAL KAMUBUKUANE,INHAGOIA " A",ESCOLA PRIMÁRIA INHAGOÍA "A",1112804 .,800,240,22,178,1,0,0,2,1,0,0,0,0,444,5,16,465,335
MAPUTO CIDADE,MUNICIPAL KAMUBUKUANE,MUNICIPAL KAMUBUKUANE,INHAGOIA " A",ESCOLA PRIMÁRIA INHAGOÍA "A",1112805 .,800,214,27,158,2,2,0,0,0,0,0,2,0,405,1,15,421,379
MAPUTO CIDADE,MUNICIPAL KAMUBUKUANE,MUNICIPAL KAMUBUKUANE,INHAGOIA " A",ESCOLA PRIMÁRIA INHAGOÍA "A",1112806 .,800,246,21,158,1,0,1,1,0,0,0,0,0,428,2,10,440,360
MAPUTO CIDADE,MUNICIPAL KAMUBUKUANE,MUNICIPAL KAMUBUKUANE,INHAGOIA " A",ESCOLA PRIMÁRIA INHAGOÍA "A",1112807 .,584,162,17,97,1,0,1,1,1,1,0,0,0,281,1,7,289,295
MAPUTO CIDADE,MUNICIPAL KAMUBUKUANE,MUNICIPAL KAMUBUKUANE,INHAGOIA " B",ESCOLA PRIMÁRIA DE INHAGOIA "B",1113001 .,800,323,12,144,2,2,2,2,0,0,0,1,1,489,4,25,518,282
MAPUTO CIDADE,MUNICIPAL KAMUBUKUANE,MUNICIPAL KAMUBUKUANE,INHAGOIA " B",ESCOLA PRIMÁRIA DE INHAGOIA "B",1113002 .,800,232,24,176,2,1,0,0,0,1,0,0,0,436,6,17,459,341
MAPUTO CIDADE,MUNICIPAL KAMUBUKUANE,MUNICIPAL KAMUBUKUANE,INHAGOIA " B",ESCOLA PRIMÁRIA DE INHAGOIA "B",1113003 .,800,225,21,172,0,0,0,0,0,0,0,1,0,419,7,12,438,362
MAPUTO CIDADE,MUNICIPAL KAMUBUKUANE,MUNICIPAL KAMUBUKUANE,INHAGOIA " B",ESCOLA PRIMÁRIA DE INHAGOIA "B",1113004 .,800,268,22,188,0,0,0,1,0,0,1,1,2,483,2,16,501,299
MAPUTO CIDADE,MUNICIPAL KAMUBUKUANE,MUNICIPAL KAMUBUKUANE,INHAGOIA " B",ESCOLA PRIMÁRIA DE INHAGOIA "B",1113005 .,800,222,25,186,1,2,1,1,0,0,0,0,0,438,4,16,458,342
MAPUTO CIDADE,MUNICIPAL KAMUBUKUANE,MUNICIPAL KAMUBUKUANE,INHAGOIA " B",ESCOLA PRIMÁRIA DE INHAGOIA "B",1113006 .,377,123,11,69,0,0,0,0,0,1,0,0,0,204,2,3,209,168
MAPUTO CIDADE,MUNICIPAL KAMUBUKUANE,MUNICIPAL KAMUBUKUANE,INHAGOIA " B",QUARTEIRÃO 17- DRENAGEM - RELENTO,1113101 .,800,214,21,263,1,2,0,0,0,0,0,0,1,502,7,20,529,271
MAPUTO CIDADE,MUNICIPAL KAMUBUKUANE,MUNICIPAL KAMUBUKUANE,INHAGOIA " B",QUARTEIRÃO 17- DRENAGEM - RELENTO,1113102 .,800,211,25,222,0,0,0,0,1,0,0,0,0,459,6,22,487,313
MAPUTO CIDADE,MUNICIPAL KAMUBUKUANE,MUNICIPAL KAMUBUKUANE,INHAGOIA " B",QUARTEIRÃO 17- DRENAGEM - RELENTO,1113103 .,800,192,21,223,0,0,0,1,1,0,1,2,0,441,3,19,463,337
MAPUTO CIDADE,MUNICIPAL KAMUBUKUANE,MUNICIPAL KAMUBUKUANE,INHAGOIA " B",QUARTEIRÃO 17- DRENAGEM - RELENTO,1113104 .,800,178,24,229,1,0,0,0,0,0,1,0,0,433,3,6,442,358
MAPUTO CIDADE,MUNICIPAL KAMUBUKUANE,MUNICIPAL KAMUBUKUANE,INHAGOIA " B",QUARTEIRÃO 17- DRENAGEM - RELENTO,1113105 .,537,111,14,111,2,1,0,0,0,0,0,0,0,239,5,10,254,283
MAPUTO CIDADE,MUNICIPAL KAMUBUKUANE,MUNICIPAL KAMUBUKUANE,JARDIM,ESCOLA PRIMÁRIA DO JARDIM,1112601 .,800,333,23,194,4,2,0,1,1,0,1,1,0,560,5,19,584,216
MAPUTO CIDADE,MUNICIPAL KAMUBUKUANE,MUNICIPAL KAMUBUKUANE,JARDIM,ESCOLA PRIMÁRIA DO JARDIM,1112602 .,800,339,29,218,5,0,0,0,0,0,1,0,0,592,2,9,603,197
MAPUTO CIDADE,MUNICIPAL KAMUBUKUANE,MUNICIPAL KAMUBUKUANE,JARDIM,ESCOLA PRIMÁRIA DO JARDIM,1112603 .,800,343,23,209,2,0,0,0,0,0,1,2,0,580,1,10,591,209
MAPUTO CIDADE,MUNICIPAL KAMUBUKUANE,MUNICIPAL KAMUBUKUANE,JARDIM,ESCOLA PRIMÁRIA DO JARDIM,1112604 .,800,334,40,192,6,0,1,0,0,1,0,2,1,577,3,3,583,217
MAPUTO CIDADE,MUNICIPAL KAMUBUKUANE,MUNICIPAL KAMUBUKUANE,JARDIM,ESCOLA PRIMÁRIA DO JARDIM,1112605A .,400,163,25,99,8,1,0,0,0,2,0,0,0,298,2,4,304,96
MAPUTO CIDADE,MUNICIPAL KAMUBUKUANE,MUNICIPAL KAMUBUKUANE,JARDIM,ESCOLA PRIMÁRIA DO JARDIM,1112605B .,612,228,29,127,7,1,0,0,0,0,0,0,0,392,8,3,403,209
MAPUTO CIDADE,MUNICIPAL KAMUBUKUANE,MUNICIPAL KAMUBUKUANE,JARDIM,ESCOLA PRIMÁRIA DO JARDIM,1112606 .,691,252,33,168,4,0,0,0,0,0,0,1,0,458,1,2,461,230
MAPUTO CIDADE,MUNICIPAL KAMUBUKUANE,MUNICIPAL KAMUBUKUANE,JARDIM,QUARTEIRÃO 4 - RELENTO,1112701 .,800,337,20,172,2,1,0,1,0,0,1,0,1,535,2,8,545,255
MAPUTO CIDADE,MUNICIPAL KAMUBUKUANE,MUNICIPAL KAMUBUKUANE,JARDIM,QUARTEIRÃO 4 - RELENTO,1112702 .,800,307,17,173,0,0,0,0,0,0,0,1,0,498,9,8,515,285
MAPUTO CIDADE,MUNICIPAL KAMUBUKUANE,MUNICIPAL KAMUBUKUANE,JARDIM,QUARTEIRÃO 4 - RELENTO,1112703 .,536,160,17,102,0,0,0,0,0,2,1,0,0,282,4,4,290,246
MAPUTO CIDADE,MUNICIPAL KAMUBUKUANE,MUNICIPAL KAMUBUKUANE,LUIS CABRAL,ESCOLA NOVA,1112401 .,800,300,25,177,3,1,0,0,0,0,1,0,0,507,7,32,546,254
MAPUTO CIDADE,MUNICIPAL KAMUBUKUANE,MUNICIPAL KAMUBUKUANE,LUIS CABRAL,ESCOLA NOVA,1112402 .,800,272,41,222,1,0,0,1,0,1,0,0,0,538,5,24,567,233
MAPUTO CIDADE,MUNICIPAL KAMUBUKUANE,MUNICIPAL KAMUBUKUANE,LUIS CABRAL,ESCOLA NOVA,1112403 .,800,242,40,186,4,0,0,0,0,0,0,0,0,472,3,5,480,320
MAPUTO CIDADE,MUNICIPAL KAMUBUKUANE,MUNICIPAL KAMUBUKUANE,LUIS CABRAL,ESCOLA NOVA,1112404 .,800,253,26,187,3,1,2,0,0,0,0,1,0,473,5,14,492,308
MAPUTO CIDADE,MUNICIPAL KAMUBUKUANE,MUNICIPAL KAMUBUKUANE,LUIS CABRAL,ESCOLA NOVA,1112405 .,800,262,25,207,2,0,0,0,0,1,0,0,0,497,3,10,510,290
MAPUTO CIDADE,MUNICIPAL KAMUBUKUANE,MUNICIPAL KAMUBUKUANE,LUIS CABRAL,ESCOLA NOVA,1112406 .,767,252,38,167,1,0,1,0,0,0,0,0,0,459,2,4,465,302
MAPUTO CIDADE,MUNICIPAL KAMUBUKUANE,MUNICIPAL KAMUBUKUANE,LUIS CABRAL,ESCOLA PRIM. COMPLETA JOSINA MACHEL,1112301 .,800,246,26,222,2,2,0,0,0,0,1,1,2,502,9,17,528,272
MAPUTO CIDADE,MUNICIPAL KAMUBUKUANE,MUNICIPAL KAMUBUKUANE,LUIS CABRAL,ESCOLA PRIM. COMPLETA JOSINA MACHEL,1112302 .,800,246,28,206,2,1,0,0,0,0,0,0,0,483,7,5,495,305
MAPUTO CIDADE,MUNICIPAL KAMUBUKUANE,MUNICIPAL KAMUBUKUANE,LUIS CABRAL,ESCOLA PRIM. COMPLETA JOSINA MACHEL,1112303 .,800,233,31,189,1,2,0,1,0,0,2,0,1,460,4,6,470,330
MAPUTO CIDADE,MUNICIPAL KAMUBUKUANE,MUNICIPAL KAMUBUKUANE,LUIS CABRAL,ESCOLA PRIM. COMPLETA JOSINA MACHEL,1112304 .,800,258,14,206,2,0,0,0,0,0,0,0,0,480,6,9,495,305
MAPUTO CIDADE,MUNICIPAL KAMUBUKUANE,MUNICIPAL KAMUBUKUANE,LUIS CABRAL,ESCOLA PRIM. COMPLETA JOSINA MACHEL,1112305 .,648,164,25,147,0,0,0,0,0,0,0,0,0,336,2,9,347,301
MAPUTO CIDADE,MUNICIPAL KAMUBUKUANE,MUNICIPAL KAMUBUKUANE,LUIS CABRAL,ESCOLA PRIMÁRIA UNIDADE 5,1112201 .,800,239,19,211,0,0,1,0,1,0,1,0,2,474,12,16,502,298
MAPUTO CIDADE,MUNICIPAL KAMUBUKUANE,MUNICIPAL KAMUBUKUANE,LUIS CABRAL,ESCOLA PRIMÁRIA UNIDADE 5,1112202 .,800,202,22,234,2,1,0,0,0,0,0,1,0,462,6,13,481,319
MAPUTO CIDADE,MUNICIPAL KAMUBUKUANE,MUNICIPAL KAMUBUKUANE,LUIS CABRAL,ESCOLA PRIMÁRIA UNIDADE 5,1112203 .,800,215,10,196,0,1,0,0,0,0,0,2,2,426,1,11,438,362
MAPUTO CIDADE,MUNICIPAL KAMUBUKUANE,MUNICIPAL KAMUBUKUANE,LUIS CABRAL,ESCOLA PRIMÁRIA UNIDADE 5,1112204 .,800,213,17,204,0,3,0,0,1,0,0,1,0,439,10,12,461,339
MAPUTO CIDADE,MUNICIPAL KAMUBUKUANE,MUNICIPAL KAMUBUKUANE,LUIS CABRAL,ESCOLA PRIMÁRIA UNIDADE 5,1112205 .,800,218,20,198,1,1,0,0,0,0,0,0,0,438,3,4,445,355
MAPUTO CIDADE,MUNICIPAL KAMUBUKUANE,MUNICIPAL KAMUBUKUANE,LUIS CABRAL,ESCOLA PRIMÁRIA UNIDADE 5,1112206 .,530,137,11,126,0,0,0,0,0,0,0,0,0,274,6,3,283,247
MAPUTO CIDADE,MUNICIPAL KAMUBUKUANE,MUNICIPAL KAMUBUKUANE,LUIS CABRAL,QUART. 78- SONEFE - RELENTO,1112501 .,800,126,9,240,1,1,0,0,0,0,0,1,0,378,15,16,409,391
MAPUTO CIDADE,MUNICIPAL KAMUBUKUANE,MUNICIPAL KAMUBUKUANE,LUIS CABRAL,QUART. 78- SONEFE - RELENTO,1112502 .,800,148,19,212,3,1,0,0,0,0,0,2,0,385,7,7,399,401
MAPUTO CIDADE,MUNICIPAL KAMUBUKUANE,MUNICIPAL KAMUBUKUANE,LUIS CABRAL,QUART. 78- SONEFE - RELENTO,1112503 .,800,142,10,195,0,1,0,0,0,0,1,3,0,352,7,8,367,433
MAPUTO CIDADE,MUNICIPAL KAMUBUKUANE,MUNICIPAL KAMUBUKUANE,LUIS CABRAL,QUART. 78- SONEFE - RELENTO,1112504 .,644,114,11,124,0,1,1,0,0,0,0,0,1,252,3,8,263,381
MAPUTO CIDADE,MUNICIPAL KAMUBUKUANE,MUNICIPAL KAMUBUKUANE,MAGOANINE " A ",ESCOLA PRIMÁRIA 19 DE OUTUBRO,1115401 .,800,261,23,185,1,0,1,1,2,0,0,2,1,477,9,12,498,302
MAPUTO CIDADE,MUNICIPAL KAMUBUKUANE,MUNICIPAL KAMUBUKUANE,MAGOANINE " A ",ESCOLA PRIMÁRIA 19 DE OUTUBRO,1115402 .,800,278,29,187,0,0,0,0,0,2,0,0,1,497,3,7,507,293
MAPUTO CIDADE,MUNICIPAL KAMUBUKUANE,MUNICIPAL KAMUBUKUANE,MAGOANINE " A ",ESCOLA PRIMÁRIA 19 DE OUTUBRO,1115403 .,800,282,33,158,0,0,0,0,0,2,0,3,0,478,4,9,491,309
MAPUTO CIDADE,MUNICIPAL KAMUBUKUANE,MUNICIPAL KAMUBUKUANE,MAGOANINE " A ",ESCOLA PRIMÁRIA 19 DE OUTUBRO,1115404 .,338,101,9,80,1,0,0,0,0,0,1,1,0,193,2,2,197,141
MAPUTO CIDADE,MUNICIPAL KAMUBUKUANE,MUNICIPAL KAMUBUKUANE,MAGOANINE " A ",ESCOLA PRIMÁRIA MAGOANINE "A",1115001 .,800,293,29,166,2,0,0,0,0,1,2,0,0,493,5,15,513,287
MAPUTO CIDADE,MUNICIPAL KAMUBUKUANE,MUNICIPAL KAMUBUKUANE,MAGOANINE " A ",ESCOLA PRIMÁRIA MAGOANINE "A",1115002 .,800,270,15,173,1,2,0,1,0,0,0,1,2,465,5,13,483,317
MAPUTO CIDADE,MUNICIPAL KAMUBUKUANE,MUNICIPAL KAMUBUKUANE,MAGOANINE " A ",ESCOLA PRIMÁRIA MAGOANINE "A",1115003 .,800,273,20,158,1,0,0,0,0,1,0,1,0,454,6,9,469,331
MAPUTO CIDADE,MUNICIPAL KAMUBUKUANE,MUNICIPAL KAMUBUKUANE,MAGOANINE " A ",ESCOLA PRIMÁRIA MAGOANINE "A",1115004 .,800,247,36,189,2,0,0,0,0,0,0,0,0,474,3,7,484,316
MAPUTO CIDADE,MUNICIPAL KAMUBUKUANE,MUNICIPAL KAMUBUKUANE,MAGOANINE " A ",ESCOLA PRIMÁRIA MAGOANINE "A",1115005 .,800,254,25,181,3,0,0,0,0,0,0,1,0,464,1,7,472,328
MAPUTO CIDADE,MUNICIPAL KAMUBUKUANE,MUNICIPAL KAMUBUKUANE,MAGOANINE " A ",ESCOLA PRIMÁRIA MAGOANINE "A",1115006 .,398,125,12,83,1,0,0,0,0,0,0,0,0,221,2,6,229,169
MAPUTO CIDADE,MUNICIPAL KAMUBUKUANE,MUNICIPAL KAMUBUKUANE,MAGOANINE " A ",ESCOLA SECUNDÁRIA GRAÇA MACHEL,1115201 .,800,245,22,159,1,0,0,0,0,1,1,2,0,431,2,10,443,357
MAPUTO CIDADE,MUNICIPAL KAMUBUKUANE,MUNICIPAL KAMUBUKUANE,MAGOANINE " A ",ESCOLA SECUNDÁRIA GRAÇA MACHEL,1115202 .,800,243,17,173,2,0,0,0,0,0,0,1,1,437,1,9,447,353
MAPUTO CIDADE,MUNICIPAL KAMUBUKUANE,MUNICIPAL KAMUBUKUANE,MAGOANINE " A ",ESCOLA SECUNDÁRIA GRAÇA MACHEL,1115203 .,800,261,34,167,3,0,0,0,0,0,0,1,0,466,4,5,475,325
MAPUTO CIDADE,MUNICIPAL KAMUBUKUANE,MUNICIPAL KAMUBUKUANE,MAGOANINE " A ",ESCOLA SECUNDÁRIA GRAÇA MACHEL,1115204A .,400,117,20,66,1,1,0,0,0,0,0,1,0,206,2,7,215,185
MAPUTO CIDADE,MUNICIPAL KAMUBUKUANE,MUNICIPAL KAMUBUKUANE,MAGOANINE " A ",ESCOLA SECUNDÁRIA GRAÇA MACHEL,1115204B .,435,124,19,84,1,2,0,0,0,0,0,1,0,231,4,5,240,195
MAPUTO CIDADE,MUNICIPAL KAMUBUKUANE,MUNICIPAL KAMUBUKUANE,MAGOANINE " A ",ESCOLA SECUNDÁRIA MAGOANINE,1115101 .,800,260,27,209,2,1,1,1,0,0,1,0,0,502,4,11,517,283
MAPUTO CIDADE,MUNICIPAL KAMUBUKUANE,MUNICIPAL KAMUBUKUANE,MAGOANINE " A ",ESCOLA SECUNDÁRIA MAGOANINE,1115102 .,800,244,32,206,3,1,0,0,0,2,1,2,0,491,1,17,509,291
MAPUTO CIDADE,MUNICIPAL KAMUBUKUANE,MUNICIPAL KAMUBUKUANE,MAGOANINE " A ",ESCOLA SECUNDÁRIA MAGOANINE,1115103 .,800,279,35,205,1,0,0,1,1,1,0,0,1,524,4,9,537,263
MAPUTO CIDADE,MUNICIPAL KAMUBUKUANE,MUNICIPAL KAMUBUKUANE,MAGOANINE " A ",ESCOLA SECUNDÁRIA MAGOANINE,1115104 .,444,119,13,101,1,0,0,0,0,0,1,1,0,236,0,2,238,206
MAPUTO CIDADE,MUNICIPAL KAMUBUKUANE,MUNICIPAL KAMUBUKUANE,MAGOANINE " A ",QUART. 12 (EX CENTRO DE SAÚDE) - RELENTO,1115301 .,800,259,24,180,2,1,0,1,0,0,0,4,0,471,8,20,499,301
MAPUTO CIDADE,MUNICIPAL KAMUBUKUANE,MUNICIPAL KAMUBUKUANE,MAGOANINE " A ",QUART. 12 (EX CENTRO DE SAÚDE) - RELENTO,1115302A .,400,148,9,77,0,0,0,0,0,0,0,6,2,242,1,2,245,155
MAPUTO CIDADE,MUNICIPAL KAMUBUKUANE,MUNICIPAL KAMUBUKUANE,MAGOANINE " A ",QUART. 12 (EX CENTRO DE SAÚDE) - RELENTO,1115302B .,542,156,17,112,0,0,0,1,0,0,0,2,1,289,1,6,296,246
MAPUTO CIDADE,MUNICIPAL KAMUBUKUANE,MUNICIPAL KAMUBUKUANE,MAGOANINE " B ",CMC - RELENTO,1115501 .,800,342,21,172,2,0,0,0,0,0,1,0,0,538,4,7,549,251
MAPUTO CIDADE,MUNICIPAL KAMUBUKUANE,MUNICIPAL KAMUBUKUANE,MAGOANINE " B ",CMC - RELENTO,1115502 .,800,238,30,211,8,0,0,0,0,0,0,1,0,488,6,4,498,302
MAPUTO CIDADE,MUNICIPAL KAMUBUKUANE,MUNICIPAL KAMUBUKUANE,MAGOANINE " B ",CMC - RELENTO,1115503 .,800,306,27,172,1,0,0,0,0,0,0,0,0,506,3,9,518,282
MAPUTO CIDADE,MUNICIPAL KAMUBUKUANE,MUNICIPAL KAMUBUKUANE,MAGOANINE " B ",CMC - RELENTO,1115504 .,800,281,34,170,5,1,0,0,0,1,0,0,1,493,1,9,503,297
MAPUTO CIDADE,MUNICIPAL KAMUBUKUANE,MUNICIPAL KAMUBUKUANE,MAGOANINE " B ",CMC - RELENTO,1115505 .,608,169,20,138,3,0,2,0,0,0,0,0,0,332,0,4,336,272
MAPUTO CIDADE,MUNICIPAL KAMUBUKUANE,MUNICIPAL KAMUBUKUANE,MAGOANINE " B ",ESCOLA PRIMÁRIA MAGOANINE "B",1115701 .,800,263,22,187,1,0,0,0,0,1,0,0,0,474,5,9,488,312
MAPUTO CIDADE,MUNICIPAL KAMUBUKUANE,MUNICIPAL KAMUBUKUANE,MAGOANINE " B ",ESCOLA PRIMÁRIA MAGOANINE "B",1115702 .,800,276,21,201,3,1,0,0,0,1,1,1,0,505,2,5,512,288
MAPUTO CIDADE,MUNICIPAL KAMUBUKUANE,MUNICIPAL KAMUBUKUANE,MAGOANINE " B ",ESCOLA PRIMÁRIA MAGOANINE "B",1115703 .,800,273,27,165,0,0,0,0,0,1,0,2,0,468,1,20,489,311
MAPUTO CIDADE,MUNICIPAL KAMUBUKUANE,MUNICIPAL KAMUBUKUANE,MAGOANINE " B ",ESCOLA PRIMÁRIA MAGOANINE "B",1115704 .,800,292,29,204,1,0,0,1,0,0,1,0,0,528,4,3,535,265
MAPUTO CIDADE,MUNICIPAL KAMUBUKUANE,MUNICIPAL KAMUBUKUANE,MAGOANINE " B ",ESCOLA PRIMÁRIA MAGOANINE "B",1115705A .,400,142,17,93,3,0,0,0,0,0,0,0,1,256,1,4,261,139
MAPUTO CIDADE,MUNICIPAL KAMUBUKUANE,MUNICIPAL KAMUBUKUANE,MAGOANINE " B ",ESCOLA PRIMÁRIA MAGOANINE "B",1115705B .,518,171,24,99,1,0,0,0,0,0,0,0,1,296,0,5,301,217
MAPUTO CIDADE,MUNICIPAL KAMUBUKUANE,MUNICIPAL KAMUBUKUANE,MAGOANINE " B ",ESCOLA PRIMÁRIA MAGOANINE "B",1115706 .,706,227,24,152,0,0,0,0,0,0,0,0,0,403,3,4,410,296
MAPUTO CIDADE,MUNICIPAL KAMUBUKUANE,MUNICIPAL KAMUBUKUANE,MAGOANINE " B ",QUARTEIRÃO 32 - RELENTO,1115601 .,800,248,13,208,2,0,0,0,0,1,2,0,0,474,8,19,501,299
MAPUTO CIDADE,MUNICIPAL KAMUBUKUANE,MUNICIPAL KAMUBUKUANE,MAGOANINE " B ",QUARTEIRÃO 32 - RELENTO,1115602 .,800,247,18,189,0,0,0,0,0,0,0,1,1,456,6,9,471,329
MAPUTO CIDADE,MUNICIPAL KAMUBUKUANE,MUNICIPAL KAMUBUKUANE,MAGOANINE " B ",QUARTEIRÃO 32 - RELENTO,1115603 .,800,236,25,186,1,1,0,2,1,0,0,0,0,452,6,3,461,339
MAPUTO CIDADE,MUNICIPAL KAMUBUKUANE,MUNICIPAL KAMUBUKUANE,MAGOANINE " B ",QUARTEIRÃO 32 - RELENTO,1115604 .,573,158,17,128,2,0,0,1,0,0,0,2,0,308,2,4,314,259
MAPUTO CIDADE,MUNICIPAL KAMUBUKUANE,MUNICIPAL KAMUBUKUANE,MAGOANINE " C ",CAMPO DE FUTEBOL SHELL,1115901 .,800,306,22,197,4,1,0,0,0,0,1,4,0,535,12,13,560,240
MAPUTO CIDADE,MUNICIPAL KAMUBUKUANE,MUNICIPAL KAMUBUKUANE,MAGOANINE " C ",CAMPO DE FUTEBOL SHELL,1115902 .,800,288,29,213,2,0,0,0,0,0,1,2,0,535,1,19,555,245
MAPUTO CIDADE,MUNICIPAL KAMUBUKUANE,MUNICIPAL KAMUBUKUANE,MAGOANINE " C ",CAMPO DE FUTEBOL SHELL,1115903 .,800,286,22,221,1,0,1,0,1,1,0,2,0,535,5,10,550,250
MAPUTO CIDADE,MUNICIPAL KAMUBUKUANE,MUNICIPAL KAMUBUKUANE,MAGOANINE " C ",CAMPO DE FUTEBOL SHELL,1115904 .,800,276,27,197,5,0,1,0,1,0,0,4,0,511,6,10,527,273
MAPUTO CIDADE,MUNICIPAL KAMUBUKUANE,MUNICIPAL KAMUBUKUANE,MAGOANINE " C ",CAMPO DE FUTEBOL SHELL,1115905 .,340,107,11,81,2,0,0,0,0,0,1,1,0,203,1,3,207,133
MAPUTO CIDADE,MUNICIPAL KAMUBUKUANE,MUNICIPAL KAMUBUKUANE,MAGOANINE " C ",ESCOLA PRIM. MARTIRES DE MBUZINE,1115801 .,800,262,24,180,0,0,0,0,0,0,0,0,0,466,5,12,483,317
MAPUTO CIDADE,MUNICIPAL KAMUBUKUANE,MUNICIPAL KAMUBUKUANE,MAGOANINE " C ",ESCOLA PRIM. MARTIRES DE MBUZINE,1115802 .,800,240,22,166,1,0,0,0,0,0,0,2,0,431,4,14,449,351
MAPUTO CIDADE,MUNICIPAL KAMUBUKUANE,MUNICIPAL KAMUBUKUANE,MAGOANINE " C ",ESCOLA PRIM. MARTIRES DE MBUZINE,1115803 .,800,228,18,186,2,0,0,0,0,0,0,0,0,434,6,12,452,348
MAPUTO CIDADE,MUNICIPAL KAMUBUKUANE,MUNICIPAL KAMUBUKUANE,MAGOANINE " C ",ESCOLA PRIM. MARTIRES DE MBUZINE,1115804 .,800,219,24,187,0,1,0,0,0,0,0,1,0,432,3,6,441,359
MAPUTO CIDADE,MUNICIPAL KAMUBUKUANE,MUNICIPAL KAMUBUKUANE,MAGOANINE " C ",ESCOLA PRIM. MARTIRES DE MBUZINE,1115805 .,800,235,24,150,0,0,1,0,0,0,0,0,0,410,4,7,421,379
MAPUTO CIDADE,MUNICIPAL KAMUBUKUANE,MUNICIPAL KAMUBUKUANE,MAGOANINE " C ",ESCOLA PRIM. MARTIRES DE MBUZINE,1115806 .,513,135,17,103,1,1,1,0,0,0,0,2,0,260,3,9,272,241
MAPUTO CIDADE,MUNICIPAL KAMUBUKUANE,MUNICIPAL KAMUBUKUANE,MAGOANINE " C ",ESCOLA PRIMÁRIA 10 DE JANEIRO,1116001 .,800,283,10,163,3,1,0,0,1,0,0,2,0,463,6,22,491,309
MAPUTO CIDADE,MUNICIPAL KAMUBUKUANE,MUNICIPAL KAMUBUKUANE,MAGOANINE " C ",ESCOLA PRIMÁRIA 10 DE JANEIRO,1116002 .,800,243,27,189,1,0,0,0,0,0,0,5,0,465,6,6,477,323
MAPUTO CIDADE,MUNICIPAL KAMUBUKUANE,MUNICIPAL KAMUBUKUANE,MAGOANINE " C ",ESCOLA PRIMÁRIA 10 DE JANEIRO,1116003 .,800,249,21,165,3,1,0,0,0,0,0,4,0,443,3,3,449,351
MAPUTO CIDADE,MUNICIPAL KAMUBUKUANE,MUNICIPAL KAMUBUKUANE,MAGOANINE " C ",ESCOLA PRIMÁRIA 10 DE JANEIRO,1116004 .,800,251,26,178,1,1,0,0,0,0,1,6,0,464,8,20,492,308
MAPUTO CIDADE,MUNICIPAL KAMUBUKUANE,MUNICIPAL KAMUBUKUANE,MAGOANINE " C ",ESCOLA PRIMÁRIA 10 DE JANEIRO,1116005 .,732,230,21,139,1,0,0,0,0,0,1,3,0,395,6,7,408,324
MAPUTO CIDADE,MUNICIPAL KAMUBUKUANE,MUNICIPAL KAMUBUKUANE,MAGOANINE " C ",ESCOLA PRIMÁRIA ARTUR CANANA,1116601 .,800,289,16,211,3,1,0,0,0,0,0,2,0,522,13,16,551,249
MAPUTO CIDADE,MUNICIPAL KAMUBUKUANE,MUNICIPAL KAMUBUKUANE,MAGOANINE " C ",ESCOLA PRIMÁRIA ARTUR CANANA,1116602 .,800,237,17,203,2,1,0,0,0,0,0,5,0,465,6,6,477,323
MAPUTO CIDADE,MUNICIPAL KAMUBUKUANE,MUNICIPAL KAMUBUKUANE,MAGOANINE " C ",ESCOLA PRIMÁRIA ARTUR CANANA,1116603 .,800,263,18,173,4,0,0,1,0,0,0,7,0,466,3,10,479,321
MAPUTO CIDADE,MUNICIPAL KAMUBUKUANE,MUNICIPAL KAMUBUKUANE,MAGOANINE " C ",ESCOLA PRIMÁRIA ARTUR CANANA,1116604 .,574,191,16,141,1,0,0,1,0,0,0,0,0,350,1,13,364,210
MAPUTO CIDADE,MUNICIPAL KAMUBUKUANE,MUNICIPAL KAMUBUKUANE,MAGOANINE " C ",QUARTEIRÃO 114 - RELENTO,1116201 .,800,234,20,194,0,0,0,0,0,0,0,0,2,450,6,12,468,332
MAPUTO CIDADE,MUNICIPAL KAMUBUKUANE,MUNICIPAL KAMUBUKUANE,MAGOANINE " C ",QUARTEIRÃO 114 - RELENTO,1116202 .,468,114,13,87,0,0,0,1,0,0,0,0,1,216,2,5,223,245
MAPUTO CIDADE,MUNICIPAL KAMUBUKUANE,MUNICIPAL KAMUBUKUANE,MAGOANINE " C ",QUARTEIRÃO 13 MANGUEIRAS - RELENTO,1116501 .,800,229,16,206,0,1,0,0,0,0,1,4,0,457,8,17,482,318
MAPUTO CIDADE,MUNICIPAL KAMUBUKUANE,MUNICIPAL KAMUBUKUANE,MAGOANINE " C ",QUARTEIRÃO 13 MANGUEIRAS - RELENTO,1116502 .,800,215,15,177,0,0,0,1,0,0,0,5,0,413,4,17,434,366
MAPUTO CIDADE,MUNICIPAL KAMUBUKUANE,MUNICIPAL KAMUBUKUANE,MAGOANINE " C ",QUARTEIRÃO 13 MANGUEIRAS - RELENTO,1116503A .,400,98,9,85,1,0,1,1,0,0,0,0,0,195,1,13,209,191
MAPUTO CIDADE,MUNICIPAL KAMUBUKUANE,MUNICIPAL KAMUBUKUANE,MAGOANINE " C ",QUARTEIRÃO 13 MANGUEIRAS - RELENTO,1116503B .,492,133,10,98,0,0,0,1,0,1,0,3,1,247,3,7,257,235
MAPUTO CIDADE,MUNICIPAL KAMUBUKUANE,MUNICIPAL KAMUBUKUANE,MAGOANINE " C ",QUARTEIRÃO 21 (GARE) - RELENTO,1116401 .,800,269,17,196,2,1,1,0,0,0,1,4,0,491,5,10,506,294
MAPUTO CIDADE,MUNICIPAL KAMUBUKUANE,MUNICIPAL KAMUBUKUANE,MAGOANINE " C ",QUARTEIRÃO 21 (GARE) - RELENTO,1116402 .,470,129,11,100,2,1,0,0,0,0,0,4,0,247,0,1,248,222
MAPUTO CIDADE,MUNICIPAL KAMUBUKUANE,MUNICIPAL KAMUBUKUANE,MAGOANINE " C ",QUARTEIRÃO 38 - RELENTO,1116101 .,800,280,28,205,4,0,0,0,0,0,0,3,0,520,8,18,546,254
MAPUTO CIDADE,MUNICIPAL KAMUBUKUANE,MUNICIPAL KAMUBUKUANE,MAGOANINE " C ",QUARTEIRÃO 38 - RELENTO,1116102 .,800,269,18,172,0,0,0,0,0,0,0,2,0,461,4,13,478,322
MAPUTO CIDADE,MUNICIPAL KAMUBUKUANE,MUNICIPAL KAMUBUKUANE,MAGOANINE " C ",QUARTEIRÃO 38 - RELENTO,1116103 .,800,261,19,206,4,0,1,0,0,0,0,1,0,492,5,10,507,293
MAPUTO CIDADE,MUNICIPAL KAMUBUKUANE,MUNICIPAL KAMUBUKUANE,MAGOANINE " C ",QUARTEIRÃO 38 - RELENTO,1116104 .,406,111,10,89,0,0,0,0,0,0,0,0,0,210,5,4,219,187
MAPUTO CIDADE,MUNICIPAL KAMUBUKUANE,MUNICIPAL KAMUBUKUANE,MAGOANINE " C ",QUARTEIRÃO 83 - RELENTO,1116301 .,800,239,25,216,4,0,1,0,0,0,0,0,0,485,2,8,495,305
MAPUTO CIDADE,MUNICIPAL KAMUBUKUANE,MUNICIPAL KAMUBUKUANE,MAGOANINE " C ",QUARTEIRÃO 83 - RELENTO,1116302 .,800,218,27,193,4,1,0,0,0,0,1,1,0,445,6,14,465,335
MAPUTO CIDADE,MUNICIPAL KAMUBUKUANE,MUNICIPAL KAMUBUKUANE,MAGOANINE " C ",QUARTEIRÃO 83 - RELENTO,1116303 .,800,243,25,178,0,0,1,0,0,0,0,0,0,447,4,8,459,341
MAPUTO CIDADE,MUNICIPAL KAMUBUKUANE,MUNICIPAL KAMUBUKUANE,MAGOANINE " C ",QUARTEIRÃO 83 - RELENTO,1116304 .,664,181,8,141,1,0,1,0,0,0,0,1,0,333,1,5,339,325
MAPUTO CIDADE,MUNICIPAL KAMUBUKUANE,MUNICIPAL KAMUBUKUANE,MALHAZINE,ESCOLA PRIMÁRIA DE MALHAZINE,1114701 .,800,336,30,163,2,2,0,0,0,0,0,2,1,536,3,13,552,248
MAPUTO CIDADE,MUNICIPAL KAMUBUKUANE,MUNICIPAL KAMUBUKUANE,MALHAZINE,ESCOLA PRIMÁRIA DE MALHAZINE,1114702 .,800,291,33,181,0,1,0,0,0,0,0,1,1,508,2,18,528,272
MAPUTO CIDADE,MUNICIPAL KAMUBUKUANE,MUNICIPAL KAMUBUKUANE,MALHAZINE,ESCOLA PRIMÁRIA DE MALHAZINE,1114703 .,800,286,33,161,2,1,1,0,0,0,0,1,0,485,1,4,490,310
MAPUTO CIDADE,MUNICIPAL KAMUBUKUANE,MUNICIPAL KAMUBUKUANE,MALHAZINE,ESCOLA PRIMÁRIA DE MALHAZINE,1141704 .,658,202,20,145,1,0,0,0,0,0,0,3,0,371,4,7,382,276
MAPUTO CIDADE,MUNICIPAL KAMUBUKUANE,MUNICIPAL KAMUBUKUANE,MALHAZINE,ESCOLA SECUNDÁRIA DE MALHAZINE,1114801 .,800,287,32,190,2,1,1,1,0,0,2,1,1,518,6,15,539,261
MAPUTO CIDADE,MUNICIPAL KAMUBUKUANE,MUNICIPAL KAMUBUKUANE,MALHAZINE,ESCOLA SECUNDÁRIA DE MALHAZINE,1114802 .,800,279,31,193,1,0,0,0,0,0,0,1,0,505,4,10,519,281
MAPUTO CIDADE,MUNICIPAL KAMUBUKUANE,MUNICIPAL KAMUBUKUANE,MALHAZINE,ESCOLA SECUNDÁRIA DE MALHAZINE,1114803 .,361,123,14,86,0,0,0,0,0,0,0,2,0,225,0,1,226,135
MAPUTO CIDADE,MUNICIPAL KAMUBUKUANE,MUNICIPAL KAMUBUKUANE,MALHAZINE,ESCOLINHA COMUNITÁRIA 25 DE OUTUBRO,1114901A .,800,337,24,178,2,2,0,0,1,0,0,2,0,546,7,11,564,236
MAPUTO CIDADE,MUNICIPAL KAMUBUKUANE,MUNICIPAL KAMUBUKUANE,MALHAZINE,ESCOLINHA COMUNITÁRIA 25 DE OUTUBRO,1114902A .,400,143,17,81,0,0,0,0,0,0,0,0,0,241,6,6,253,147
MAPUTO CIDADE,MUNICIPAL KAMUBUKUANE,MUNICIPAL KAMUBUKUANE,MALHAZINE,ESCOLINHA COMUNITÁRIA 25 DE OUTUBRO,1114902B .,511,177,20,108,3,0,0,0,0,0,1,0,0,309,1,3,313,198
MAPUTO CIDADE,MUNICIPAL KAMUBUKUANE,MUNICIPAL KAMUBUKUANE,NSALENE,ESCOLA PRIMÁRIA UNIDADE 2,1113201 .,800,304,28,169,0,0,0,3,1,0,0,1,0,506,6,17,529,271
MAPUTO CIDADE,MUNICIPAL KAMUBUKUANE,MUNICIPAL KAMUBUKUANE,NSALENE,ESCOLA PRIMÁRIA UNIDADE 2,1113202 .,800,295,17,198,0,2,0,0,0,1,0,1,2,516,7,9,532,268
MAPUTO CIDADE,MUNICIPAL KAMUBUKUANE,MUNICIPAL KAMUBUKUANE,NSALENE,ESCOLA PRIMÁRIA UNIDADE 2,1113203 .,800,274,25,172,4,1,2,0,0,0,0,1,0,479,5,9,493,307
MAPUTO CIDADE,MUNICIPAL KAMUBUKUANE,MUNICIPAL KAMUBUKUANE,NSALENE,ESCOLA PRIMÁRIA UNIDADE 2,1113204 .,780,208,24,172,0,0,1,1,0,0,1,0,0,407,3,9,419,361
MAPUTO CIDADE,MUNICIPAL KAMUBUKUANE,MUNICIPAL KAMUBUKUANE,ZIMPETO,ESCOLA PRIM. COMU. INGRID CHAWNER,1117001 .,800,303,20,197,0,1,1,0,0,0,0,9,0,531,3,9,543,257
MAPUTO CIDADE,MUNICIPAL KAMUBUKUANE,MUNICIPAL KAMUBUKUANE,ZIMPETO,ESCOLA PRIM. COMU. INGRID CHAWNER,1117002 .,800,268,25,192,1,1,1,1,0,0,0,3,1,493,5,11,509,291
MAPUTO CIDADE,MUNICIPAL KAMUBUKUANE,MUNICIPAL KAMUBUKUANE,ZIMPETO,ESCOLA PRIM. COMU. INGRID CHAWNER,1117003 .,800,274,34,200,5,0,0,0,0,0,1,5,0,519,3,10,532,268
MAPUTO CIDADE,MUNICIPAL KAMUBUKUANE,MUNICIPAL KAMUBUKUANE,ZIMPETO,ESCOLA PRIM. COMU. INGRID CHAWNER,1117004 .,328,120,11,69,0,0,0,0,0,0,0,1,0,201,1,3,205,123
MAPUTO CIDADE,MUNICIPAL KAMUBUKUANE,MUNICIPAL KAMUBUKUANE,ZIMPETO,ESCOLA PRIMÁRIA DE ZIMPETO,1116701 .,800,298,14,156,3,0,1,0,1,0,0,21,2,496,9,16,521,279
MAPUTO CIDADE,MUNICIPAL KAMUBUKUANE,MUNICIPAL KAMUBUKUANE,ZIMPETO,ESCOLA PRIMÁRIA DE ZIMPETO,1116702 .,800,298,22,124,1,0,0,0,0,0,1,27,1,474,5,9,488,312
MAPUTO CIDADE,MUNICIPAL KAMUBUKUANE,MUNICIPAL KAMUBUKUANE,ZIMPETO,ESCOLA PRIMÁRIA DE ZIMPETO,1116703 .,800,263,21,162,4,0,0,2,0,0,1,17,0,470,6,3,479,321
MAPUTO CIDADE,MUNICIPAL KAMUBUKUANE,MUNICIPAL KAMUBUKUANE,ZIMPETO,ESCOLA PRIMÁRIA DE ZIMPETO,1116704 .,634,188,17,136,3,0,0,0,0,0,0,22,0,366,2,6,374,260
MAPUTO CIDADE,MUNICIPAL KAMUBUKUANE,MUNICIPAL KAMUBUKUANE,ZIMPETO,ESCOLA PRIMÁRIA WIRIAMO,1116801 .,800,262,14,193,2,0,0,0,0,0,0,1,0,472,10,17,499,301
MAPUTO CIDADE,MUNICIPAL KAMUBUKUANE,MUNICIPAL KAMUBUKUANE,ZIMPETO,ESCOLA PRIMÁRIA WIRIAMO,1116802 .,800,240,23,167,3,0,0,0,1,0,0,1,0,435,3,7,445,355
MAPUTO CIDADE,MUNICIPAL KAMUBUKUANE,MUNICIPAL KAMUBUKUANE,ZIMPETO,ESCOLA PRIMÁRIA WIRIAMO,1116803 .,800,203,26,173,2,0,0,0,0,1,0,1,0,406,3,8,417,383
MAPUTO CIDADE,MUNICIPAL KAMUBUKUANE,MUNICIPAL KAMUBUKUANE,ZIMPETO,ESCOLA PRIMÁRIA WIRIAMO,1116804 .,800,206,21,181,2,0,1,0,0,0,0,2,0,413,2,9,424,376
MAPUTO CIDADE,MUNICIPAL KAMUBUKUANE,MUNICIPAL KAMUBUKUANE,ZIMPETO,ESCOLA PRIMÁRIA WIRIAMO,1116805 .,800,213,28,148,4,0,0,0,1,0,0,0,0,394,4,13,411,389
MAPUTO CIDADE,MUNICIPAL KAMUBUKUANE,MUNICIPAL KAMUBUKUANE,ZIMPETO,ESCOLA PRIMÁRIA WIRIAMO,1116806 .,576,157,20,97,2,0,0,0,0,0,0,3,2,281,6,4,291,285
MAPUTO CIDADE,MUNICIPAL KAMUBUKUANE,MUNICIPAL KAMUBUKUANE,ZIMPETO,ESCOLA SECUNDÁRIA KISS MAVOTA,1117101 .,800,325,15,187,3,0,2,0,0,0,0,5,0,537,2,10,549,251
MAPUTO CIDADE,MUNICIPAL KAMUBUKUANE,MUNICIPAL KAMUBUKUANE,ZIMPETO,ESCOLA SECUNDÁRIA KISS MAVOTA,1117102 .,800,277,25,196,0,1,1,0,1,1,0,12,0,514,3,18,535,265
MAPUTO CIDADE,MUNICIPAL KAMUBUKUANE,MUNICIPAL KAMUBUKUANE,ZIMPETO,ESCOLA SECUNDÁRIA KISS MAVOTA,1117103 .,800,271,24,190,0,0,1,0,0,0,0,13,0,499,6,8,513,287
MAPUTO CIDADE,MUNICIPAL KAMUBUKUANE,MUNICIPAL KAMUBUKUANE,ZIMPETO,ESCOLA SECUNDÁRIA KISS MAVOTA,1117104 .,800,238,35,215,5,0,0,0,0,0,0,8,1,502,2,3,507,293
MAPUTO CIDADE,MUNICIPAL KAMUBUKUANE,MUNICIPAL KAMUBUKUANE,ZIMPETO,ESCOLA SECUNDÁRIA KISS MAVOTA,1117105 .,800,428,34,181,3,0,1,0,0,0,0,4,0,651,3,4,658,142
MAPUTO CIDADE,MUNICIPAL KAMUBUKUANE,MUNICIPAL KAMUBUKUANE,ZIMPETO,ESCOLA SECUNDÁRIA KISS MAVOTA,1117106 .,800,296,21,173,3,1,0,0,0,2,1,4,1,502,8,18,528,272
MAPUTO CIDADE,MUNICIPAL KAMUBUKUANE,MUNICIPAL KAMUBUKUANE,ZIMPETO,ESCOLA SECUNDÁRIA KISS MAVOTA,1117107 .,313,110,10,52,0,0,0,0,0,0,0,3,0,175,2,4,181,132
MAPUTO CIDADE,MUNICIPAL KAMUBUKUANE,MUNICIPAL KAMUBUKUANE,ZIMPETO,ESTADIO NACIONAL DE ZIMPETO,1116901 .,800,267,21,181,10,0,0,0,0,1,0,2,0,482,4,10,496,304
MAPUTO CIDADE,MUNICIPAL KAMUBUKUANE,MUNICIPAL KAMUBUKUANE,ZIMPETO,ESTADIO NACIONAL DE ZIMPETO,1116902 .,800,292,33,185,6,0,0,0,0,0,1,1,0,518,1,2,521,279
MAPUTO CIDADE,MUNICIPAL KAMUBUKUANE,MUNICIPAL KAMUBUKUANE,ZIMPETO,ESTADIO NACIONAL DE ZIMPETO,1116903 .,576,217,23,86,3,0,0,0,0,1,1,2,0,333,1,2,336,240
MAPUTO CIDADE,MUNICIPAL KAMUBUKUANE,MUNICIPAL KAMUBUKUANE,ZIMPETO,QUART. 4 - RELENTO (INSPEÇÃO DE VEÍCULOS),1117201 .,800,287,23,187,2,0,0,0,0,0,0,3,0,502,2,14,518,282
MAPUTO CIDADE,MUNICIPAL KAMUBUKUANE,MUNICIPAL KAMUBUKUANE,ZIMPETO,QUART. 4 - RELENTO (INSPEÇÃO DE VEÍCULOS),1117202 .,315,94,12,78,0,0,0,0,0,0,1,2,0,187,0,1,188,127
