Província,Distrito,Posto Administrativo,Localidade,Local,Código da Assembleia de Voto,Número de Eleitores Inscritos,FRELIMO,MDM,RENAMO,AMUSI,PAHUMO,MAMO,AMAJPS,PLDS,Votos Válidos,Votos Nulos,Votos em Branco,Total de Votantes,Abstenções
NAMPULA,NAMPULA,URBANO CENTRAL,URBANO CENTRAL,CAMPO DE MADJEDJE,0300701 .,800,409,15,172,2,0,1,0,2,601,9,28,638,162
NAMPULA,NAMPULA,URBANO CENTRAL,URBANO CENTRAL,CAMPO DE MADJEDJE,0300702 .,800,356,20,181,3,0,0,2,2,564,8,8,580,220
NAMPULA,NAMPULA,URBANO CENTRAL,URBANO CENTRAL,CAMPO DE MADJEDJE,0300703 .,800,405,25,161,2,0,0,1,1,595,10,11,616,184
NAMPULA,NAMPULA,URBANO CENTRAL,URBANO CENTRAL,CAMPO DE MADJEDJE,0300704 .,800,368,24,173,1,0,0,1,1,568,4,3,575,225
NAMPULA,NAMPULA,URBANO CENTRAL,URBANO CENTRAL,CAMPO DE MADJEDJE,0300705 .,800,313,13,192,1,0,0,0,2,521,4,3,528,272
NAMPULA,NAMPULA,URBANO CENTRAL,URBANO CENTRAL,CAMPO DE MADJEDJE,0300706 .,800,341,13,165,1,0,0,0,2,522,7,2,531,269
NAMPULA,NAMPULA,URBANO CENTRAL,URBANO CENTRAL,CAMPO DE MADJEDJE,0300707 .,460,164,12,134,2,0,0,0,0,312,4,7,323,137
NAMPULA,NAMPULA,URBANO CENTRAL,URBANO CENTRAL,EP1/2 - DOS LIMOEIROS,0300401 .,800,273,17,279,4,0,0,1,8,582,2,5,589,211
NAMPULA,NAMPULA,URBANO CENTRAL,URBANO CENTRAL,EP1/2 - DOS LIMOEIROS,0300402 .,800,264,19,276,2,1,0,2,10,574,8,9,591,209
NAMPULA,NAMPULA,URBANO CENTRAL,URBANO CENTRAL,EP1/2 - DOS LIMOEIROS,0300403 .,800,239,37,284,2,1,0,0,8,571,3,12,586,214
NAMPULA,NAMPULA,URBANO CENTRAL,URBANO CENTRAL,EP1/2 - DOS LIMOEIROS,0300404 .,800,260,29,291,4,0,0,0,4,588,4,7,599,201
NAMPULA,NAMPULA,URBANO CENTRAL,URBANO CENTRAL,EP1/2 - DOS LIMOEIROS,0300405 .,800,284,20,274,2,0,0,0,11,591,4,2,597,203
NAMPULA,NAMPULA,URBANO CENTRAL,URBANO CENTRAL,EP1/2 - DOS LIMOEIROS,0300406 .,800,263,22,275,0,0,1,0,6,567,7,12,586,214
NAMPULA,NAMPULA,URBANO CENTRAL,URBANO CENTRAL,EP1/2 - DOS LIMOEIROS,0300407 .,800,249,25,257,3,0,0,1,4,539,2,5,546,254
NAMPULA,NAMPULA,URBANO CENTRAL,URBANO CENTRAL,EP1/2 - DOS LIMOEIROS,0334901A .,478,153,12,173,2,0,1,0,2,343,4,0,347,131
NAMPULA,NAMPULA,URBANO CENTRAL,URBANO CENTRAL,EP1/2 - DOS LIMOEIROS,0334901B .,478,143,13,183,1,0,0,0,2,342,2,1,345,133
NAMPULA,NAMPULA,URBANO CENTRAL,URBANO CENTRAL,EPC - 7 DE ABRIL                         NOVO,0300501 .,800,206,10,294,2,1,0,0,3,516,4,6,526,274
NAMPULA,NAMPULA,URBANO CENTRAL,URBANO CENTRAL,EPC - 7 DE ABRIL                         NOVO,0300502 .,800,213,12,297,2,0,0,2,3,529,6,8,543,257
NAMPULA,NAMPULA,URBANO CENTRAL,URBANO CENTRAL,EPC - 7 DE ABRIL                         NOVO,0300503 .,800,210,17,292,4,0,1,0,3,527,7,7,541,259
NAMPULA,NAMPULA,URBANO CENTRAL,URBANO CENTRAL,EPC - 7 DE ABRIL                         NOVO,0300504 .,800,220,18,290,0,1,1,2,1,533,10,9,552,248
NAMPULA,NAMPULA,URBANO CENTRAL,URBANO CENTRAL,EPC - 7 DE ABRIL                         NOVO,0300505 .,800,232,27,295,1,0,0,0,1,556,4,5,565,235
NAMPULA,NAMPULA,URBANO CENTRAL,URBANO CENTRAL,EPC - 7 DE ABRIL                         NOVO,0300506 .,800,245,17,266,1,2,0,1,2,534,6,7,547,253
NAMPULA,NAMPULA,URBANO CENTRAL,URBANO CENTRAL,EPC - 7 DE ABRIL                         NOVO,0300507 .,800,237,14,277,0,1,1,0,2,532,4,5,541,259
NAMPULA,NAMPULA,URBANO CENTRAL,URBANO CENTRAL,EPC - 7 DE ABRIL                         NOVO,0300508 .,534,131,15,187,0,0,0,0,2,335,1,1,337,197
NAMPULA,NAMPULA,URBANO CENTRAL,URBANO CENTRAL,EPC -PARQUE DOS CONTINUADORES,0300201 .,800,261,22,267,2,0,0,0,4,556,5,8,569,231
NAMPULA,NAMPULA,URBANO CENTRAL,URBANO CENTRAL,EPC -PARQUE DOS CONTINUADORES,0300202 .,800,254,17,281,2,0,1,2,2,559,1,5,565,235
NAMPULA,NAMPULA,URBANO CENTRAL,URBANO CENTRAL,EPC -PARQUE DOS CONTINUADORES,0300203 .,800,227,24,251,2,0,0,0,4,508,3,64,575,225
NAMPULA,NAMPULA,URBANO CENTRAL,URBANO CENTRAL,EPC -PARQUE DOS CONTINUADORES,0300204 .,800,275,26,248,3,0,0,0,1,553,5,7,565,235
NAMPULA,NAMPULA,URBANO CENTRAL,URBANO CENTRAL,EPC -PARQUE DOS CONTINUADORES,0300205 .,800,237,22,292,3,0,1,1,3,559,1,11,571,229
NAMPULA,NAMPULA,URBANO CENTRAL,URBANO CENTRAL,EPC -PARQUE DOS CONTINUADORES,0300206 .,800,257,18,268,4,1,0,1,3,552,2,2,556,244
NAMPULA,NAMPULA,URBANO CENTRAL,URBANO CENTRAL,EPC -PARQUE DOS CONTINUADORES,0300207 .,800,261,21,270,3,1,0,0,1,557,3,9,569,231
NAMPULA,NAMPULA,URBANO CENTRAL,URBANO CENTRAL,EPC -PARQUE DOS CONTINUADORES,0300208 .,800,237,18,259,1,0,0,0,1,516,3,2,521,279
NAMPULA,NAMPULA,URBANO CENTRAL,URBANO CENTRAL,EPC -PARQUE DOS CONTINUADORES,0300209 .,800,241,14,285,1,0,0,0,3,544,1,12,557,243
NAMPULA,NAMPULA,URBANO CENTRAL,URBANO CENTRAL,EPC -PARQUE DOS CONTINUADORES,0337601 .,800,242,16,258,4,0,0,0,2,522,5,15,542,258
NAMPULA,NAMPULA,URBANO CENTRAL,URBANO CENTRAL,EPC -PARQUE DOS CONTINUADORES,0337602 .,342,89,17,125,2,1,0,0,0,234,1,0,235,107
NAMPULA,NAMPULA,URBANO CENTRAL,URBANO CENTRAL,ESCOLA 3 DE FEVEREIRO,0300101 .,800,257,28,276,7,0,0,0,11,579,6,7,592,208
NAMPULA,NAMPULA,URBANO CENTRAL,URBANO CENTRAL,ESCOLA 3 DE FEVEREIRO,0300102 .,800,233,29,301,1,0,0,2,11,577,2,5,584,216
NAMPULA,NAMPULA,URBANO CENTRAL,URBANO CENTRAL,ESCOLA 3 DE FEVEREIRO,0300103 .,800,228,32,280,8,0,0,2,18,568,5,8,581,219
NAMPULA,NAMPULA,URBANO CENTRAL,URBANO CENTRAL,ESCOLA 3 DE FEVEREIRO,0300104 .,800,228,24,277,7,0,1,0,8,545,5,8,558,242
NAMPULA,NAMPULA,URBANO CENTRAL,URBANO CENTRAL,ESCOLA 3 DE FEVEREIRO,0300105 .,800,209,33,237,8,0,0,1,7,495,3,12,510,290
NAMPULA,NAMPULA,URBANO CENTRAL,URBANO CENTRAL,ESCOLA 3 DE FEVEREIRO,0300106 .,800,198,38,283,2,0,1,0,9,531,6,6,543,257
NAMPULA,NAMPULA,URBANO CENTRAL,URBANO CENTRAL,ESCOLA 3 DE FEVEREIRO,0300107 .,800,232,24,282,5,0,0,0,10,553,9,13,575,225
NAMPULA,NAMPULA,URBANO CENTRAL,URBANO CENTRAL,ESCOLA 3 DE FEVEREIRO,0300108 .,800,225,28,281,1,1,0,1,4,541,6,6,553,247
NAMPULA,NAMPULA,URBANO CENTRAL,URBANO CENTRAL,ESCOLA 3 DE FEVEREIRO,0300109 .,800,204,28,291,2,1,1,1,5,533,7,11,551,249
NAMPULA,NAMPULA,URBANO CENTRAL,URBANO CENTRAL,ESCOLA 3 DE FEVEREIRO,0300110 .,794,183,24,267,2,2,0,1,5,484,6,0,490,304
NAMPULA,NAMPULA,URBANO CENTRAL,URBANO CENTRAL,ESCOLA 3 DE FEVEREIRO,0332801 .,800,211,33,295,6,0,0,0,4,549,3,3,555,245
NAMPULA,NAMPULA,URBANO CENTRAL,URBANO CENTRAL,ESCOLA COMUNITÁRIA DA ADEMO  NOVO,0300601 .,800,309,22,220,4,1,1,2,0,559,8,13,580,220
NAMPULA,NAMPULA,URBANO CENTRAL,URBANO CENTRAL,ESCOLA COMUNITÁRIA DA ADEMO  NOVO,0300602 .,800,250,27,246,7,1,0,2,0,533,9,12,554,246
NAMPULA,NAMPULA,URBANO CENTRAL,URBANO CENTRAL,ESCOLA COMUNITÁRIA DA ADEMO  NOVO,0300603 .,800,278,18,229,3,0,0,1,1,530,10,13,553,247
NAMPULA,NAMPULA,URBANO CENTRAL,URBANO CENTRAL,ESCOLA COMUNITÁRIA DA ADEMO  NOVO,0300604 .,800,278,23,248,2,1,0,3,1,556,9,5,570,230
NAMPULA,NAMPULA,URBANO CENTRAL,URBANO CENTRAL,ESCOLA COMUNITÁRIA DA ADEMO  NOVO,0300605 .,800,284,26,227,2,0,0,1,2,542,3,8,553,247
NAMPULA,NAMPULA,URBANO CENTRAL,URBANO CENTRAL,ESCOLA COMUNITÁRIA DA ADEMO  NOVO,0300606 .,800,290,33,219,9,0,0,0,3,554,5,4,563,237
NAMPULA,NAMPULA,URBANO CENTRAL,URBANO CENTRAL,ESCOLA COMUNITÁRIA DA ADEMO  NOVO,0300607 .,800,259,15,264,4,1,0,0,0,543,5,3,551,249
NAMPULA,NAMPULA,URBANO CENTRAL,URBANO CENTRAL,ESCOLA COMUNITÁRIA DA ADEMO  NOVO,0300608 .,683,175,14,225,3,0,0,1,2,420,9,5,434,249
NAMPULA,NAMPULA,URBANO CENTRAL,URBANO CENTRAL,PAVILHÃO DE DESPORTOS,0300301 .,800,280,21,313,3,0,0,0,3,620,3,9,632,168
NAMPULA,NAMPULA,URBANO CENTRAL,URBANO CENTRAL,PAVILHÃO DE DESPORTOS,0300302 .,800,235,19,314,1,1,0,1,4,575,5,9,589,211
NAMPULA,NAMPULA,URBANO CENTRAL,URBANO CENTRAL,PAVILHÃO DE DESPORTOS,0300303 .,800,264,28,278,5,0,0,1,4,580,10,4,594,206
NAMPULA,NAMPULA,URBANO CENTRAL,URBANO CENTRAL,PAVILHÃO DE DESPORTOS,0300304 .,800,255,16,273,4,2,0,1,2,553,6,12,571,229
NAMPULA,NAMPULA,URBANO CENTRAL,URBANO CENTRAL,PAVILHÃO DE DESPORTOS,0300305 .,800,216,16,288,2,1,0,1,2,526,3,5,534,266
NAMPULA,NAMPULA,URBANO CENTRAL,URBANO CENTRAL,PAVILHÃO DE DESPORTOS,0300306 .,800,232,17,267,2,0,0,1,2,521,3,5,529,271
NAMPULA,NAMPULA,URBANO CENTRAL,URBANO CENTRAL,PAVILHÃO DE DESPORTOS,0300307 .,800,216,18,260,6,0,0,4,2,506,6,6,518,282
NAMPULA,NAMPULA,URBANO CENTRAL,URBANO CENTRAL,PAVILHÃO DE DESPORTOS,0300308A .,401,100,22,129,2,0,0,1,0,254,1,5,260,141
NAMPULA,NAMPULA,URBANO CENTRAL,URBANO CENTRAL,PAVILHÃO DE DESPORTOS,0300308B .,401,91,13,126,3,0,1,0,0,234,2,7,243,158
NAMPULA,NAMPULA,URBANO CENTRAL,URBANO CENTRAL,PAVILHÃO DE DESPORTOS,0335601 .,800,194,21,269,2,1,0,0,2,489,2,4,495,305
NAMPULA,NAMPULA,URBANO DE MUATALA,MUATALA,EP1 - KANLOCA,0301001 .,800,79,67,234,12,0,2,1,4,399,20,0,419,381
NAMPULA,NAMPULA,URBANO DE MUATALA,MUATALA,EP1 - KANLOCA,0301002 .,800,83,32,219,4,0,0,0,1,339,12,5,356,444
NAMPULA,NAMPULA,URBANO DE MUATALA,MUATALA,EP1 - KANLOCA,0301003 .,428,57,13,106,2,0,0,0,1,179,3,2,184,244
NAMPULA,NAMPULA,URBANO DE MUATALA,MUATALA,EP1 - NAMICOPO "B",0301201 .,800,55,43,221,18,0,1,2,4,344,13,20,377,423
NAMPULA,NAMPULA,URBANO DE MUATALA,MUATALA,EP1 - NAMICOPO "B",0301202 .,800,150,18,95,7,1,0,0,2,273,9,4,286,514
NAMPULA,NAMPULA,URBANO DE MUATALA,MUATALA,EP1 - NAMICOPO "B",0301203 .,563,59,8,76,3,0,0,0,1,147,7,2,156,407
NAMPULA,NAMPULA,URBANO DE MUATALA,MUATALA,EP1 - NAPALA,0300901 .,800,164,41,334,11,0,1,1,7,559,8,9,576,224
NAMPULA,NAMPULA,URBANO DE MUATALA,MUATALA,EP1 - NAPALA,0300902 .,800,154,37,289,5,0,1,1,6,493,8,11,512,288
NAMPULA,NAMPULA,URBANO DE MUATALA,MUATALA,EP1 - NAPALA,0300903 .,800,157,38,285,10,0,0,0,3,493,10,14,517,283
NAMPULA,NAMPULA,URBANO DE MUATALA,MUATALA,EP1 - NAPALA,0300904 .,800,151,43,272,5,0,1,1,7,480,9,14,503,297
NAMPULA,NAMPULA,URBANO DE MUATALA,MUATALA,EP1 - NAPALA,0300905 .,800,128,29,297,4,1,0,0,2,461,12,22,495,305
NAMPULA,NAMPULA,URBANO DE MUATALA,MUATALA,EP1 - NAPALA,0300906 .,800,132,36,319,1,0,1,0,0,489,12,17,518,282
NAMPULA,NAMPULA,URBANO DE MUATALA,MUATALA,EP1 - NAPALA,0300907 .,800,153,28,281,4,1,2,1,4,474,10,4,488,312
NAMPULA,NAMPULA,URBANO DE MUATALA,MUATALA,EP1 - NAPALA,0300908A .,536,89,23,188,2,0,2,0,2,306,12,7,325,211
NAMPULA,NAMPULA,URBANO DE MUATALA,MUATALA,EP1 - NAPALA,0300908B .,264,87,13,175,2,0,0,0,3,280,11,21,312,-48
NAMPULA,NAMPULA,URBANO DE MUATALA,MUATALA,EPC - COSSORE    1 ,0301101 .,800,173,65,302,7,1,1,0,0,549,11,14,574,226
NAMPULA,NAMPULA,URBANO DE MUATALA,MUATALA,EPC - COSSORE    1 ,0301102 .,800,129,52,311,5,0,0,1,4,502,14,17,533,267
NAMPULA,NAMPULA,URBANO DE MUATALA,MUATALA,EPC - COSSORE    1 ,0301103 .,800,154,54,295,4,0,0,0,3,510,20,11,541,259
NAMPULA,NAMPULA,URBANO DE MUATALA,MUATALA,EPC - COSSORE    1 ,0301104 .,800,146,43,257,4,2,1,1,0,454,10,6,470,330
NAMPULA,NAMPULA,URBANO DE MUATALA,MUATALA,EPC - COSSORE    1 ,0301105 .,800,154,46,203,0,0,1,1,11,416,16,42,474,326
NAMPULA,NAMPULA,URBANO DE MUATALA,MUATALA,EPC - COSSORE    1 ,0301106 .,800,146,39,252,1,0,0,0,3,441,8,8,457,343
NAMPULA,NAMPULA,URBANO DE MUATALA,MUATALA,EPC - COSSORE    1 ,0301107A .,421,59,22,119,0,0,0,0,0,200,7,3,210,211
NAMPULA,NAMPULA,URBANO DE MUATALA,MUATALA,EPC - COSSORE    1 ,0301107B .,421,68,23,128,1,0,0,0,0,220,7,6,233,188
NAMPULA,NAMPULA,URBANO DE MUATALA,MUATALA,EPC -MUATALA,0300801 .,800,163,50,314,13,0,0,0,4,544,6,11,561,239
NAMPULA,NAMPULA,URBANO DE MUATALA,MUATALA,EPC -MUATALA,0300802 .,800,152,45,323,3,0,2,0,4,529,10,9,548,252
NAMPULA,NAMPULA,URBANO DE MUATALA,MUATALA,EPC -MUATALA,0300803 .,800,154,47,345,6,1,0,0,1,554,15,14,583,217
NAMPULA,NAMPULA,URBANO DE MUATALA,MUATALA,EPC -MUATALA,0300804 .,800,149,45,303,7,0,0,0,0,504,12,9,525,275
NAMPULA,NAMPULA,URBANO DE MUATALA,MUATALA,EPC -MUATALA,0300805 .,800,131,32,298,4,3,0,0,0,468,17,9,494,306
NAMPULA,NAMPULA,URBANO DE MUATALA,MUATALA,EPC -MUATALA,0300806 .,800,126,33,261,4,1,0,0,2,427,11,73,511,289
NAMPULA,NAMPULA,URBANO DE MUATALA,MUATALA,EPC -MUATALA,0300807 .,800,129,21,303,2,1,0,1,0,457,7,10,474,326
NAMPULA,NAMPULA,URBANO DE MUATALA,MUATALA,EPC -MUATALA,0300808 .,311,61,7,118,1,0,1,0,0,188,0,4,192,119
NAMPULA,NAMPULA,URBANO DE MUATALA,MUTAUANHA,EP1 - IMPUECHA,0301801 .,800,158,46,319,7,1,0,1,5,537,5,10,552,248
NAMPULA,NAMPULA,URBANO DE MUATALA,MUTAUANHA,EP1 - IMPUECHA,0301802 .,800,182,36,362,1,0,0,0,4,585,6,9,600,200
NAMPULA,NAMPULA,URBANO DE MUATALA,MUTAUANHA,EP1 - IMPUECHA,0301803 .,800,158,34,299,10,0,1,1,0,503,12,9,524,276
NAMPULA,NAMPULA,URBANO DE MUATALA,MUTAUANHA,EP1 - IMPUECHA,0301804 .,800,119,25,275,4,0,0,1,0,424,8,11,443,357
NAMPULA,NAMPULA,URBANO DE MUATALA,MUTAUANHA,EP1 - IMPUECHA,0301805 .,800,137,27,277,4,0,0,0,0,445,6,12,463,337
NAMPULA,NAMPULA,URBANO DE MUATALA,MUTAUANHA,EP1 - IMPUECHA,0301806 .,800,128,34,305,6,0,0,0,2,475,3,13,491,309
NAMPULA,NAMPULA,URBANO DE MUATALA,MUTAUANHA,EP1 - IMPUECHA,0301807A .,489,68,20,161,1,0,0,0,2,252,8,20,280,209
NAMPULA,NAMPULA,URBANO DE MUATALA,MUTAUANHA,EP1 - IMPUECHA,0301807B .,489,71,18,166,3,0,0,0,1,259,10,4,273,216
NAMPULA,NAMPULA,URBANO DE MUATALA,MUTAUANHA,EP1 - MUTITA,0301501 .,800,132,53,301,12,0,0,0,1,499,17,14,530,270
NAMPULA,NAMPULA,URBANO DE MUATALA,MUTAUANHA,EP1 - MUTITA,0301502 .,800,96,36,311,17,0,0,0,4,464,24,15,503,297
NAMPULA,NAMPULA,URBANO DE MUATALA,MUTAUANHA,EP1 - MUTITA,0301503 .,800,132,34,330,16,0,0,1,1,514,9,8,531,269
NAMPULA,NAMPULA,URBANO DE MUATALA,MUTAUANHA,EP1 - MUTITA,0301504 .,800,127,29,336,13,0,1,0,2,508,12,4,524,276
NAMPULA,NAMPULA,URBANO DE MUATALA,MUTAUANHA,EP1 - MUTITA,0301505 .,800,143,29,279,5,0,1,0,0,457,7,17,481,319
NAMPULA,NAMPULA,URBANO DE MUATALA,MUTAUANHA,EP1 - MUTITA,0301506 .,800,117,38,306,6,0,0,1,1,469,10,10,489,311
NAMPULA,NAMPULA,URBANO DE MUATALA,MUTAUANHA,EP1 - MUTITA,0301507 .,717,107,32,263,6,1,0,0,6,415,15,2,432,285
NAMPULA,NAMPULA,URBANO DE MUATALA,MUTAUANHA,EP1 - NAMUATHO "B",0301701 .,800,75,36,275,21,1,0,0,3,411,27,14,452,348
NAMPULA,NAMPULA,URBANO DE MUATALA,MUTAUANHA,EP1 - NAMUATHO "B",0301702 .,800,131,31,212,5,1,0,0,1,381,11,7,399,401
NAMPULA,NAMPULA,URBANO DE MUATALA,MUTAUANHA,EP1 - NAMUATHO "B",0301703 .,544,74,16,155,3,1,0,3,0,252,4,3,259,285
NAMPULA,NAMPULA,URBANO DE MUATALA,MUTAUANHA,EP1 - NTOTA,0301601 .,800,140,26,365,0,0,0,0,0,531,22,21,574,226
NAMPULA,NAMPULA,URBANO DE MUATALA,MUTAUANHA,EP1 - NTOTA,0301602 .,800,130,25,350,4,4,0,0,2,515,7,6,528,272
NAMPULA,NAMPULA,URBANO DE MUATALA,MUTAUANHA,EP1 - NTOTA,0301603 .,800,137,21,317,8,2,1,0,0,486,13,9,508,292
NAMPULA,NAMPULA,URBANO DE MUATALA,MUTAUANHA,EP1 - NTOTA,0301604 .,800,136,26,312,9,0,0,0,0,483,18,11,512,288
NAMPULA,NAMPULA,URBANO DE MUATALA,MUTAUANHA,EP1 - NTOTA,0301605 .,800,121,17,296,4,1,0,0,5,444,16,14,474,326
NAMPULA,NAMPULA,URBANO DE MUATALA,MUTAUANHA,EP1 - NTOTA,0301606 .,800,126,26,318,6,1,2,1,3,483,6,4,493,307
NAMPULA,NAMPULA,URBANO DE MUATALA,MUTAUANHA,EP1 - NTOTA,0301607 .,800,107,14,301,1,0,0,0,0,423,10,10,443,357
NAMPULA,NAMPULA,URBANO DE MUATALA,MUTAUANHA,EP1 - NTOTA,0301608 .,446,70,9,171,1,0,0,0,0,251,5,2,258,188
NAMPULA,NAMPULA,URBANO DE MUATALA,MUTAUANHA,EPC - CERÂMICA,0301401 .,800,190,32,321,4,1,1,1,2,552,7,8,567,233
NAMPULA,NAMPULA,URBANO DE MUATALA,MUTAUANHA,EPC - CERÂMICA,0301402 .,800,177,33,310,3,0,1,0,2,526,3,9,538,262
NAMPULA,NAMPULA,URBANO DE MUATALA,MUTAUANHA,EPC - CERÂMICA,0301403 .,800,199,27,322,3,0,0,0,2,553,6,5,564,236
NAMPULA,NAMPULA,URBANO DE MUATALA,MUTAUANHA,EPC - CERÂMICA,0301404 .,800,199,29,321,4,0,3,0,0,556,6,7,569,231
NAMPULA,NAMPULA,URBANO DE MUATALA,MUTAUANHA,EPC - CERÂMICA,0301405 .,800,182,23,308,5,1,1,0,1,521,12,8,541,259
NAMPULA,NAMPULA,URBANO DE MUATALA,MUTAUANHA,EPC - CERÂMICA,0301406 .,800,198,35,281,1,0,1,0,4,520,3,8,531,269
NAMPULA,NAMPULA,URBANO DE MUATALA,MUTAUANHA,EPC - CERÂMICA,0301407 .,800,201,25,288,4,1,0,0,1,520,3,5,528,272
NAMPULA,NAMPULA,URBANO DE MUATALA,MUTAUANHA,EPC - CERÂMICA,0301408 .,760,147,19,273,3,0,0,0,1,443,7,3,453,307
NAMPULA,NAMPULA,URBANO DE MUATALA,MUTAUANHA,EPC - CERÂMICA,0337901 .,800,173,18,298,1,0,0,0,3,493,3,5,501,299
NAMPULA,NAMPULA,URBANO DE MUATALA,MUTAUANHA,EPC - MUTAUANHA,0301301 .,800,223,24,308,0,0,1,0,4,560,7,9,576,224
NAMPULA,NAMPULA,URBANO DE MUATALA,MUTAUANHA,EPC - MUTAUANHA,0301302 .,800,210,16,343,5,1,0,1,2,578,9,10,597,203
NAMPULA,NAMPULA,URBANO DE MUATALA,MUTAUANHA,EPC - MUTAUANHA,0301303 .,800,187,19,316,3,0,1,0,1,527,5,9,541,259
NAMPULA,NAMPULA,URBANO DE MUATALA,MUTAUANHA,EPC - MUTAUANHA,0301304 .,800,183,24,320,3,1,1,0,3,535,12,18,565,235
NAMPULA,NAMPULA,URBANO DE MUATALA,MUTAUANHA,EPC - MUTAUANHA,0301305 .,800,207,21,268,0,0,1,0,2,499,3,9,511,289
NAMPULA,NAMPULA,URBANO DE MUATALA,MUTAUANHA,EPC - MUTAUANHA,0301306 .,800,222,25,273,4,1,0,0,4,529,4,5,538,262
NAMPULA,NAMPULA,URBANO DE MUATALA,MUTAUANHA,EPC - MUTAUANHA,0301307 .,800,202,18,304,1,0,1,0,1,527,6,11,544,256
NAMPULA,NAMPULA,URBANO DE MUATALA,MUTAUANHA,EPC - MUTAUANHA,0301308 .,800,137,18,305,2,1,0,1,2,466,9,6,481,319
NAMPULA,NAMPULA,URBANO DE MUATALA,MUTAUANHA,EPC - MUTAUANHA,0337401A .,483,123,12,171,0,1,0,0,2,309,6,2,317,166
NAMPULA,NAMPULA,URBANO DE MUATALA,MUTAUANHA,EPC - MUTAUANHA,0337401B .,482,102,12,197,0,0,0,0,0,311,3,3,317,165
NAMPULA,NAMPULA,URBANO DE MUATALA,MUTAUANHA,EPC - PILOTO                                NOVO,0301901 .,800,113,25,320,8,1,1,1,1,470,6,10,486,314
NAMPULA,NAMPULA,URBANO DE MUATALA,MUTAUANHA,EPC - PILOTO                                NOVO,0301902 .,800,118,45,335,7,1,0,0,1,507,18,8,533,267
NAMPULA,NAMPULA,URBANO DE MUATALA,MUTAUANHA,EPC - PILOTO                                NOVO,0301903 .,800,111,26,312,2,1,0,0,3,455,17,6,478,322
NAMPULA,NAMPULA,URBANO DE MUATALA,MUTAUANHA,EPC - PILOTO                                NOVO,0301904 .,800,128,28,296,10,1,0,0,1,464,11,4,479,321
NAMPULA,NAMPULA,URBANO DE MUATALA,MUTAUANHA,EPC - PILOTO                                NOVO,0301905 .,800,96,20,317,8,2,0,1,1,445,15,14,474,326
NAMPULA,NAMPULA,URBANO DE MUATALA,MUTAUANHA,EPC - PILOTO                                NOVO,0301906 .,800,87,21,268,6,0,0,0,0,382,11,9,402,398
NAMPULA,NAMPULA,URBANO DE MUATALA,MUTAUANHA,EPC - PILOTO                                NOVO,0301907 .,517,49,11,157,4,0,0,1,0,222,6,3,231,286
NAMPULA,NAMPULA,URBANO DE MUATALA,MUTAUANHA,EPC - PILOTO                                NOVO,0334501 .,800,87,19,253,3,0,1,0,2,365,9,3,377,423
NAMPULA,NAMPULA,URBANO DE MUHALA,MUAHIVIRE,EP1 - MUCUACHE,0302801 .,800,72,15,227,4,2,2,1,3,326,25,14,365,435
NAMPULA,NAMPULA,URBANO DE MUHALA,MUAHIVIRE,EP1 - MUCUACHE,0302802 .,800,40,12,166,2,1,1,1,4,227,14,15,256,544
NAMPULA,NAMPULA,URBANO DE MUHALA,MUAHIVIRE,EP1 - MUCUACHE,0302803 .,800,50,4,209,5,0,0,0,0,268,10,7,285,515
NAMPULA,NAMPULA,URBANO DE MUHALA,MUAHIVIRE,EP1 - MUCUACHE,0302804 .,644,36,7,182,2,0,0,0,3,230,5,6,241,403
NAMPULA,NAMPULA,URBANO DE MUHALA,MUAHIVIRE,EP1 - MUEGANE,0302701 .,800,121,23,398,13,1,2,1,9,568,12,15,595,205
NAMPULA,NAMPULA,URBANO DE MUHALA,MUAHIVIRE,EP1 - MUEGANE,0302702 .,800,121,19,355,6,0,1,0,12,514,10,16,540,260
NAMPULA,NAMPULA,URBANO DE MUHALA,MUAHIVIRE,EP1 - MUEGANE,0302703 .,800,154,13,338,8,2,1,1,6,523,7,11,541,259
NAMPULA,NAMPULA,URBANO DE MUHALA,MUAHIVIRE,EP1 - MUEGANE,0302704 .,800,152,25,371,1,0,2,1,3,555,9,10,574,226
NAMPULA,NAMPULA,URBANO DE MUHALA,MUAHIVIRE,EP1 - MUEGANE,0302705 .,800,117,19,342,4,3,0,2,4,491,15,15,521,279
NAMPULA,NAMPULA,URBANO DE MUHALA,MUAHIVIRE,EP1 - MUEGANE,0302706 .,800,147,18,330,4,0,0,0,10,509,10,11,530,270
NAMPULA,NAMPULA,URBANO DE MUHALA,MUAHIVIRE,EP1 - MUEGANE,0302707 .,800,159,24,317,6,0,2,1,5,514,16,8,538,262
NAMPULA,NAMPULA,URBANO DE MUHALA,MUAHIVIRE,EP1 - MUEGANE,0302708 .,800,158,22,299,2,1,2,0,10,494,12,2,508,292
NAMPULA,NAMPULA,URBANO DE MUHALA,MUAHIVIRE,EP1 - MUEGANE,0302709A .,463,67,13,190,3,0,2,0,6,281,7,6,294,169
NAMPULA,NAMPULA,URBANO DE MUHALA,MUAHIVIRE,EP1 - MUEGANE,0302709B .,463,71,8,186,1,0,0,0,1,267,5,17,289,174
NAMPULA,NAMPULA,URBANO DE MUHALA,MUAHIVIRE,EP1 - NAMITECA,0303001 .,800,80,22,342,7,1,0,0,8,460,18,4,482,318
NAMPULA,NAMPULA,URBANO DE MUHALA,MUAHIVIRE,EP1 - NAMITECA,0303002 .,800,82,19,346,5,1,0,1,1,455,9,11,475,325
NAMPULA,NAMPULA,URBANO DE MUHALA,MUAHIVIRE,EP1 - NAMITECA,0303003 .,800,84,22,279,2,1,0,0,3,391,16,48,455,345
NAMPULA,NAMPULA,URBANO DE MUHALA,MUAHIVIRE,EP1 - NAMITECA,0303004 .,800,73,16,315,4,1,1,0,7,417,20,14,451,349
NAMPULA,NAMPULA,URBANO DE MUHALA,MUAHIVIRE,EP1 - NAMITECA,0303005 .,800,69,22,288,2,0,0,0,2,383,12,11,406,394
NAMPULA,NAMPULA,URBANO DE MUHALA,MUAHIVIRE,EP1 - NAMITECA,0303006 .,800,79,18,329,10,0,0,0,6,442,9,10,461,339
NAMPULA,NAMPULA,URBANO DE MUHALA,MUAHIVIRE,EP1 - NAMITECA,0303007 .,800,89,17,293,1,0,1,0,6,407,11,8,426,374
NAMPULA,NAMPULA,URBANO DE MUHALA,MUAHIVIRE,EP1 - NAMITECA,0303008 .,800,90,20,266,2,1,0,0,2,381,14,9,404,396
NAMPULA,NAMPULA,URBANO DE MUHALA,MUAHIVIRE,EP1 - NAMITECA,0333301 .,455,46,13,152,3,1,0,0,2,217,8,1,226,229
NAMPULA,NAMPULA,URBANO DE MUHALA,MUAHIVIRE,EP1 - TEACANE,0302901 .,800,141,18,223,9,1,2,0,3,397,17,22,436,364
NAMPULA,NAMPULA,URBANO DE MUHALA,MUAHIVIRE,EP1 - TEACANE,0302902 .,800,26,11,96,3,1,1,1,0,139,15,7,161,639
NAMPULA,NAMPULA,URBANO DE MUHALA,MUAHIVIRE,EP1 - TEACANE,0302903 .,371,14,4,43,1,0,0,0,0,62,1,3,66,305
NAMPULA,NAMPULA,URBANO DE MUHALA,MUAHIVIRE,EPC - COMUNIDADE SÃO FRANCISCO,0303201 .,800,153,32,318,7,0,0,1,5,516,9,8,533,267
NAMPULA,NAMPULA,URBANO DE MUHALA,MUAHIVIRE,EPC - COMUNIDADE SÃO FRANCISCO,0303202 .,800,161,35,296,4,1,1,1,3,502,11,7,520,280
NAMPULA,NAMPULA,URBANO DE MUHALA,MUAHIVIRE,EPC - COMUNIDADE SÃO FRANCISCO,0303203 .,800,186,19,285,3,1,0,1,4,499,17,5,521,279
NAMPULA,NAMPULA,URBANO DE MUHALA,MUAHIVIRE,EPC - COMUNIDADE SÃO FRANCISCO,0303204 .,800,164,19,331,4,1,1,0,2,522,8,11,541,259
NAMPULA,NAMPULA,URBANO DE MUHALA,MUAHIVIRE,EPC - COMUNIDADE SÃO FRANCISCO,0303205 .,800,196,17,282,3,0,1,1,4,504,9,21,534,266
NAMPULA,NAMPULA,URBANO DE MUHALA,MUAHIVIRE,EPC - COMUNIDADE SÃO FRANCISCO,0303206 .,800,180,24,273,3,0,1,2,7,490,5,8,503,297
NAMPULA,NAMPULA,URBANO DE MUHALA,MUAHIVIRE,EPC - COMUNIDADE SÃO FRANCISCO,0303207 .,800,174,21,270,3,1,2,1,7,479,4,5,488,312
NAMPULA,NAMPULA,URBANO DE MUHALA,MUAHIVIRE,EPC - COMUNIDADE SÃO FRANCISCO,0336101A .,497,116,19,180,2,0,0,0,2,319,3,4,326,171
NAMPULA,NAMPULA,URBANO DE MUHALA,MUAHIVIRE,EPC - COMUNIDADE SÃO FRANCISCO,0336101B .,413,97,10,125,1,0,0,0,1,234,2,3,239,174
NAMPULA,NAMPULA,URBANO DE MUHALA,MUAHIVIRE,EPC - MUAHIVIRE,0302601 .,800,260,24,285,6,0,1,0,4,580,7,11,598,202
NAMPULA,NAMPULA,URBANO DE MUHALA,MUAHIVIRE,EPC - MUAHIVIRE,0302602 .,800,251,28,283,6,0,1,2,7,578,7,8,593,207
NAMPULA,NAMPULA,URBANO DE MUHALA,MUAHIVIRE,EPC - MUAHIVIRE,0302603 .,800,205,28,255,4,0,0,0,3,495,10,6,511,289
NAMPULA,NAMPULA,URBANO DE MUHALA,MUAHIVIRE,EPC - MUAHIVIRE,0302604 .,800,205,33,270,7,1,3,1,3,523,8,3,534,266
NAMPULA,NAMPULA,URBANO DE MUHALA,MUAHIVIRE,EPC - MUAHIVIRE,0302605 .,800,189,25,294,4,0,2,0,5,519,2,3,524,276
NAMPULA,NAMPULA,URBANO DE MUHALA,MUAHIVIRE,EPC - MUAHIVIRE,0302606 .,800,183,18,278,3,0,0,0,2,484,9,5,498,302
NAMPULA,NAMPULA,URBANO DE MUHALA,MUAHIVIRE,EPC - MUAHIVIRE,0302607 .,624,131,22,222,4,0,1,1,2,383,5,4,392,232
NAMPULA,NAMPULA,URBANO DE MUHALA,MUAHIVIRE,ESCOLA SECUNDÁRIA 22 DE AGOSTO     NOVO,0303301 .,800,106,40,318,7,2,0,0,1,474,19,10,503,297
NAMPULA,NAMPULA,URBANO DE MUHALA,MUAHIVIRE,ESCOLA SECUNDÁRIA 22 DE AGOSTO     NOVO,0303302 .,800,73,50,344,5,0,0,1,2,475,12,8,495,305
NAMPULA,NAMPULA,URBANO DE MUHALA,MUAHIVIRE,ESCOLA SECUNDÁRIA 22 DE AGOSTO     NOVO,0303303 .,800,89,36,285,4,0,0,0,3,417,19,20,456,344
NAMPULA,NAMPULA,URBANO DE MUHALA,MUAHIVIRE,ESCOLA SECUNDÁRIA 22 DE AGOSTO     NOVO,0303304 .,800,82,30,283,7,0,0,0,4,406,25,13,444,356
NAMPULA,NAMPULA,URBANO DE MUHALA,MUAHIVIRE,ESCOLA SECUNDÁRIA 22 DE AGOSTO     NOVO,0303305 .,800,94,21,259,7,0,0,1,2,384,15,13,412,388
NAMPULA,NAMPULA,URBANO DE MUHALA,MUAHIVIRE,ESCOLA SECUNDÁRIA 22 DE AGOSTO     NOVO,0303306 .,800,108,21,277,4,0,1,1,0,412,17,14,443,357
NAMPULA,NAMPULA,URBANO DE MUHALA,MUAHIVIRE,ESCOLA SECUNDÁRIA 22 DE AGOSTO     NOVO,0303307A .,472,68,11,183,3,0,1,0,0,266,4,3,273,199
NAMPULA,NAMPULA,URBANO DE MUHALA,MUAHIVIRE,ESCOLA SECUNDÁRIA 22 DE AGOSTO     NOVO,0303307B .,472,62,19,158,1,0,0,1,2,243,4,3,250,222
NAMPULA,NAMPULA,URBANO DE MUHALA,MUAHIVIRE,ESCOLINHA NANUCO,0303101 .,800,58,28,270,14,1,3,0,2,376,23,8,407,393
NAMPULA,NAMPULA,URBANO DE MUHALA,MUAHIVIRE,ESCOLINHA NANUCO,0303102 .,800,38,17,262,7,0,1,0,2,327,18,0,345,455
NAMPULA,NAMPULA,URBANO DE MUHALA,MUAHIVIRE,ESCOLINHA NANUCO,0303103 .,800,44,12,197,4,0,1,0,2,260,7,14,281,519
NAMPULA,NAMPULA,URBANO DE MUHALA,MUAHIVIRE,ESCOLINHA NANUCO,0303104 .,791,34,18,218,3,0,0,0,2,275,7,5,287,504
NAMPULA,NAMPULA,URBANO DE MUHALA,MUAHIVIRE,ESTADIO MUNICIPAL DE MUAHALA        NOVO,0303401 .,800,81,27,269,4,0,0,1,1,383,19,16,418,382
NAMPULA,NAMPULA,URBANO DE MUHALA,MUAHIVIRE,ESTADIO MUNICIPAL DE MUAHALA        NOVO,0303402 .,800,58,27,272,1,0,0,2,2,362,4,12,378,422
NAMPULA,NAMPULA,URBANO DE MUHALA,MUAHIVIRE,ESTADIO MUNICIPAL DE MUAHALA        NOVO,0303403 .,800,65,22,242,3,1,0,1,2,336,8,6,350,450
NAMPULA,NAMPULA,URBANO DE MUHALA,MUAHIVIRE,ESTADIO MUNICIPAL DE MUAHALA        NOVO,0303404 .,800,83,17,234,2,1,1,0,0,338,7,4,349,451
NAMPULA,NAMPULA,URBANO DE MUHALA,MUAHIVIRE,ESTADIO MUNICIPAL DE MUAHALA        NOVO,0303405 .,800,89,17,231,1,0,0,1,1,340,10,9,359,441
NAMPULA,NAMPULA,URBANO DE MUHALA,MUAHIVIRE,ESTADIO MUNICIPAL DE MUAHALA        NOVO,0303406A .,418,57,7,116,1,0,0,0,0,181,6,2,189,229
NAMPULA,NAMPULA,URBANO DE MUHALA,MUAHIVIRE,ESTADIO MUNICIPAL DE MUAHALA        NOVO,0303406B .,418,56,13,106,0,0,0,0,0,175,1,6,182,236
NAMPULA,NAMPULA,URBANO DE MUHALA,MUHALA,EP1 - BELENENSES,0302101 .,800,187,21,357,10,0,0,0,7,582,10,15,607,193
NAMPULA,NAMPULA,URBANO DE MUHALA,MUHALA,EP1 - BELENENSES,0302102 .,800,173,22,341,4,0,1,0,9,550,6,9,565,235
NAMPULA,NAMPULA,URBANO DE MUHALA,MUHALA,EP1 - BELENENSES,0302103 .,800,211,18,302,8,0,1,0,6,546,4,9,559,241
NAMPULA,NAMPULA,URBANO DE MUHALA,MUHALA,EP1 - BELENENSES,0302104 .,800,228,20,291,4,3,1,3,6,556,4,9,569,231
NAMPULA,NAMPULA,URBANO DE MUHALA,MUHALA,EP1 - BELENENSES,0302105 .,800,204,15,310,2,0,1,0,3,535,7,5,547,253
NAMPULA,NAMPULA,URBANO DE MUHALA,MUHALA,EP1 - BELENENSES,0302106 .,800,165,22,306,5,1,0,1,3,503,15,8,526,274
NAMPULA,NAMPULA,URBANO DE MUHALA,MUHALA,EP1 - BELENENSES,0302107 .,800,154,23,322,3,0,2,0,7,511,1,8,520,280
NAMPULA,NAMPULA,URBANO DE MUHALA,MUHALA,EP1 - BELENENSES,0302108 .,575,99,13,222,6,0,1,0,4,345,5,14,364,211
NAMPULA,NAMPULA,URBANO DE MUHALA,MUHALA,EP1 - BELENENSES,0336801 .,588,125,18,210,2,1,1,0,3,360,5,5,370,218
NAMPULA,NAMPULA,URBANO DE MUHALA,MUHALA,EP1 - MARIA DA LUZ GUEBUZA,0302201 .,800,121,26,290,10,0,7,5,4,463,12,31,506,294
NAMPULA,NAMPULA,URBANO DE MUHALA,MUHALA,EP1 - MARIA DA LUZ GUEBUZA,0302202 .,800,97,33,264,7,2,1,0,4,408,19,14,441,359
NAMPULA,NAMPULA,URBANO DE MUHALA,MUHALA,EP1 - MARIA DA LUZ GUEBUZA,0302203 .,800,98,22,258,8,1,2,0,1,390,18,8,416,384
NAMPULA,NAMPULA,URBANO DE MUHALA,MUHALA,EP1 - MARIA DA LUZ GUEBUZA,0302204 .,800,102,31,249,5,2,2,1,2,394,14,3,411,389
NAMPULA,NAMPULA,URBANO DE MUHALA,MUHALA,EP1 - MARIA DA LUZ GUEBUZA,0302205 .,800,116,28,238,4,0,0,0,1,387,15,4,406,394
NAMPULA,NAMPULA,URBANO DE MUHALA,MUHALA,EP1 - MARIA DA LUZ GUEBUZA,0302206 .,618,95,12,222,6,0,0,1,0,336,3,3,342,276
NAMPULA,NAMPULA,URBANO DE MUHALA,MUHALA,ESCOLA SECUNDÁRIA 12 DE OUTUBRO,0302001 .,800,206,17,349,8,0,3,0,7,590,10,11,611,189
NAMPULA,NAMPULA,URBANO DE MUHALA,MUHALA,ESCOLA SECUNDÁRIA 12 DE OUTUBRO,0302002 .,800,163,19,366,8,0,4,0,7,567,19,12,598,202
NAMPULA,NAMPULA,URBANO DE MUHALA,MUHALA,ESCOLA SECUNDÁRIA 12 DE OUTUBRO,0302003 .,800,157,19,332,8,2,0,1,3,522,7,17,546,254
NAMPULA,NAMPULA,URBANO DE MUHALA,MUHALA,ESCOLA SECUNDÁRIA 12 DE OUTUBRO,0302004 .,800,164,16,332,6,1,1,0,3,523,11,9,543,257
NAMPULA,NAMPULA,URBANO DE MUHALA,MUHALA,ESCOLA SECUNDÁRIA 12 DE OUTUBRO,0302005 .,800,166,27,288,8,1,0,1,5,496,12,11,519,281
NAMPULA,NAMPULA,URBANO DE MUHALA,MUHALA,ESCOLA SECUNDÁRIA 12 DE OUTUBRO,0302006 .,800,182,16,297,4,1,0,1,7,508,8,12,528,272
NAMPULA,NAMPULA,URBANO DE MUHALA,MUHALA,ESCOLA SECUNDÁRIA 12 DE OUTUBRO,0302007 .,800,186,17,281,6,2,0,1,3,496,12,6,514,286
NAMPULA,NAMPULA,URBANO DE MUHALA,MUHALA,ESCOLA SECUNDÁRIA 12 DE OUTUBRO,0302008 .,800,202,18,264,6,1,1,0,3,495,6,12,513,287
NAMPULA,NAMPULA,URBANO DE MUHALA,MUHALA,ESCOLA SECUNDÁRIA 12 DE OUTUBRO,0302009 .,499,111,21,157,1,1,1,0,3,295,5,7,307,192
NAMPULA,NAMPULA,URBANO DE MUHALA,MUHALA,ESCOLA SECUNDÁRIA 12 DE OUTUBRO,0333701 .,715,161,20,272,2,1,1,0,2,459,10,13,482,233
NAMPULA,NAMPULA,URBANO DE MUHALA,NAMUTEQUELIUA,EPC - MUTOMOTE,0334001 .,799,119,29,286,4,0,0,2,1,441,9,28,478,321
NAMPULA,NAMPULA,URBANO DE MUHALA,NAMUTEQUELIUA,EPC - MUTOMOTE,0338001 .,800,127,24,417,13,1,1,10,3,596,13,6,615,185
NAMPULA,NAMPULA,URBANO DE MUHALA,NAMUTEQUELIUA,EPC - MUTOMOTE,0338002 .,800,174,24,356,8,0,1,0,2,565,18,8,591,209
NAMPULA,NAMPULA,URBANO DE MUHALA,NAMUTEQUELIUA,EPC - MUTOMOTE,0338003 .,800,198,26,338,5,1,0,7,3,578,12,10,600,200
NAMPULA,NAMPULA,URBANO DE MUHALA,NAMUTEQUELIUA,EPC - MUTOMOTE,0338004 .,800,172,22,291,2,1,0,4,3,495,13,6,514,286
NAMPULA,NAMPULA,URBANO DE MUHALA,NAMUTEQUELIUA,EPC - MUTOMOTE,0338005 .,800,153,22,333,8,0,1,3,2,522,5,24,551,249
NAMPULA,NAMPULA,URBANO DE MUHALA,NAMUTEQUELIUA,EPC - MUTOMOTE,0338006 .,800,171,32,282,9,0,2,6,4,506,20,8,534,266
NAMPULA,NAMPULA,URBANO DE MUHALA,NAMUTEQUELIUA,EPC - MUTOMOTE,0338007 .,800,141,22,298,3,0,1,2,3,470,8,1,479,321
NAMPULA,NAMPULA,URBANO DE MUHALA,NAMUTEQUELIUA,EPC - MUTOMOTE,0338008 .,531,78,19,200,4,0,0,1,7,309,6,4,319,212
NAMPULA,NAMPULA,URBANO DE MUHALA,NAMUTEQUELIUA,EPC - NAMPACO,0302501 .,800,147,21,302,17,0,0,3,2,492,17,17,526,274
NAMPULA,NAMPULA,URBANO DE MUHALA,NAMUTEQUELIUA,EPC - NAMPACO,0302502 .,800,177,23,269,7,0,0,0,0,476,11,5,492,308
NAMPULA,NAMPULA,URBANO DE MUHALA,NAMUTEQUELIUA,EPC - NAMPACO,0302503 .,800,144,18,285,11,1,0,3,0,462,18,14,494,306
NAMPULA,NAMPULA,URBANO DE MUHALA,NAMUTEQUELIUA,EPC - NAMPACO,0302504 .,800,136,22,254,3,0,1,6,0,422,16,6,444,356
NAMPULA,NAMPULA,URBANO DE MUHALA,NAMUTEQUELIUA,EPC - NAMPACO,0302505 .,367,70,11,131,2,0,0,1,0,215,13,6,234,133
NAMPULA,NAMPULA,URBANO DE MUHALA,NAMUTEQUELIUA,EPC - NAMUTEQUELIUA,0302301 .,800,164,24,297,8,0,1,1,3,498,10,8,516,284
NAMPULA,NAMPULA,URBANO DE MUHALA,NAMUTEQUELIUA,EPC - NAMUTEQUELIUA,0302302 .,800,165,22,167,3,0,0,1,0,358,0,155,513,287
NAMPULA,NAMPULA,URBANO DE MUHALA,NAMUTEQUELIUA,EPC - NAMUTEQUELIUA,0302303 .,800,204,22,281,6,1,0,1,1,516,9,6,531,269
NAMPULA,NAMPULA,URBANO DE MUHALA,NAMUTEQUELIUA,EPC - NAMUTEQUELIUA,0302304 .,800,191,25,294,4,2,0,1,4,521,12,18,551,249
NAMPULA,NAMPULA,URBANO DE MUHALA,NAMUTEQUELIUA,EPC - NAMUTEQUELIUA,0302305 .,800,188,25,272,4,0,0,1,1,491,2,10,503,297
NAMPULA,NAMPULA,URBANO DE MUHALA,NAMUTEQUELIUA,EPC - NAMUTEQUELIUA,0302306 .,800,209,21,244,2,2,0,0,1,479,8,14,501,299
NAMPULA,NAMPULA,URBANO DE MUHALA,NAMUTEQUELIUA,EPC - NAMUTEQUELIUA,0302307 .,800,181,23,254,1,0,0,2,1,462,2,6,470,330
NAMPULA,NAMPULA,URBANO DE MUHALA,NAMUTEQUELIUA,EPC - NAMUTEQUELIUA,0302308 .,665,153,18,223,2,1,0,0,1,398,13,8,419,246
NAMPULA,NAMPULA,URBANO DE MUHALA,NAMUTEQUELIUA,NAMUTEQUELIUA-EXPANSÃO,0302506 .,800,185,11,296,6,0,0,4,1,503,8,20,531,269
NAMPULA,NAMPULA,URBANO DE MUHALA,NAMUTEQUELIUA,NAMUTEQUELIUA-EXPANSÃO,0302507 .,800,146,16,280,5,1,0,2,2,452,26,31,509,291
NAMPULA,NAMPULA,URBANO DE MUHALA,NAMUTEQUELIUA,NAMUTEQUELIUA-EXPANSÃO,0302508 .,785,115,13,285,6,0,0,0,2,421,14,16,451,334
NAMPULA,NAMPULA,URBANO DE NAMICOPO,MUTAVA-REX,APEA -U/C- SAMORA MACHEL,0304401 .,800,114,23,330,7,1,0,1,4,480,12,9,501,299
NAMPULA,NAMPULA,URBANO DE NAMICOPO,MUTAVA-REX,APEA -U/C- SAMORA MACHEL,0304402 .,800,101,19,323,5,2,2,3,3,458,7,5,470,330
NAMPULA,NAMPULA,URBANO DE NAMICOPO,MUTAVA-REX,APEA -U/C- SAMORA MACHEL,0304403 .,800,97,22,339,4,2,1,2,1,468,13,13,494,306
NAMPULA,NAMPULA,URBANO DE NAMICOPO,MUTAVA-REX,APEA -U/C- SAMORA MACHEL,0304404 .,800,105,14,268,2,0,3,2,2,396,11,3,410,390
NAMPULA,NAMPULA,URBANO DE NAMICOPO,MUTAVA-REX,APEA -U/C- SAMORA MACHEL,0304405 .,800,75,19,268,4,0,0,1,4,371,4,12,387,413
NAMPULA,NAMPULA,URBANO DE NAMICOPO,MUTAVA-REX,APEA -U/C- SAMORA MACHEL,0304406 .,800,106,18,278,3,0,2,3,2,412,4,9,425,375
NAMPULA,NAMPULA,URBANO DE NAMICOPO,MUTAVA-REX,APEA -U/C- SAMORA MACHEL,0304407 .,555,86,12,235,0,1,1,0,1,336,6,1,343,212
NAMPULA,NAMPULA,URBANO DE NAMICOPO,MUTAVA-REX,EP1 - MUTAVA-REX,0304201 .,800,149,29,270,22,1,0,4,1,476,11,22,509,291
NAMPULA,NAMPULA,URBANO DE NAMICOPO,MUTAVA-REX,EP1 - MUTAVA-REX,0304202 .,800,102,33,272,21,1,1,2,0,432,18,4,454,346
NAMPULA,NAMPULA,URBANO DE NAMICOPO,MUTAVA-REX,EP1 - MUTAVA-REX,0304203 .,800,131,44,231,15,1,1,2,1,426,14,14,454,346
NAMPULA,NAMPULA,URBANO DE NAMICOPO,MUTAVA-REX,EP1 - MUTAVA-REX,0304204 .,800,128,28,232,13,0,1,2,1,405,12,10,427,373
NAMPULA,NAMPULA,URBANO DE NAMICOPO,MUTAVA-REX,EP1 - MUTAVA-REX,0304205 .,800,123,17,218,16,0,0,2,2,378,17,5,400,400
NAMPULA,NAMPULA,URBANO DE NAMICOPO,MUTAVA-REX,EP1 - MUTAVA-REX,0304206 .,800,115,24,207,10,0,1,1,0,358,9,8,375,425
NAMPULA,NAMPULA,URBANO DE NAMICOPO,MUTAVA-REX,EP1 - MUTAVA-REX,0304207A .,507,71,11,145,2,0,0,1,0,230,15,13,258,249
NAMPULA,NAMPULA,URBANO DE NAMICOPO,MUTAVA-REX,EP1 - MUTAVA-REX,0304207B .,506,66,11,134,8,1,0,1,0,221,8,3,232,274
NAMPULA,NAMPULA,URBANO DE NAMICOPO,MUTAVA-REX,EP1 - NAHENE "1",0304501 .,800,97,22,240,7,1,1,1,0,369,13,10,392,408
NAMPULA,NAMPULA,URBANO DE NAMICOPO,MUTAVA-REX,EP1 - NAHENE "1",0304502 .,800,75,24,194,9,1,0,1,1,305,13,3,321,479
NAMPULA,NAMPULA,URBANO DE NAMICOPO,MUTAVA-REX,EP1 - NAHENE "1",0304503 .,800,51,19,172,5,0,0,0,0,247,15,2,264,536
NAMPULA,NAMPULA,URBANO DE NAMICOPO,MUTAVA-REX,EP1 - NAHENE "1",0304504 .,711,35,9,213,4,0,0,0,1,262,8,6,276,435
NAMPULA,NAMPULA,URBANO DE NAMICOPO,MUTAVA-REX,EP1 - NAPAKALA,0304301 .,800,100,25,229,22,3,1,0,2,382,16,7,405,395
NAMPULA,NAMPULA,URBANO DE NAMICOPO,MUTAVA-REX,EP1 - NAPAKALA,0304302 .,800,63,19,180,8,0,0,0,0,270,6,6,282,518
NAMPULA,NAMPULA,URBANO DE NAMICOPO,MUTAVA-REX,EP1 - NAPAKALA,0304303 .,703,48,10,141,4,0,0,1,0,204,6,6,216,487
NAMPULA,NAMPULA,URBANO DE NAMICOPO,NAMICOPO,CENTRO AEA - PALMEIRAS "2",0304001 .,800,82,26,380,7,0,0,0,0,495,12,9,516,284
NAMPULA,NAMPULA,URBANO DE NAMICOPO,NAMICOPO,CENTRO AEA - PALMEIRAS "2",0304002 .,800,87,39,330,0,0,0,0,22,478,5,9,492,308
NAMPULA,NAMPULA,URBANO DE NAMICOPO,NAMICOPO,CENTRO AEA - PALMEIRAS "2",0304003 .,800,80,37,316,13,1,1,0,3,451,21,11,483,317
NAMPULA,NAMPULA,URBANO DE NAMICOPO,NAMICOPO,CENTRO AEA - PALMEIRAS "2",0304004 .,800,70,37,319,6,0,1,0,0,433,22,6,461,339
NAMPULA,NAMPULA,URBANO DE NAMICOPO,NAMICOPO,CENTRO AEA - PALMEIRAS "2",0304005 .,800,69,16,339,5,0,0,0,0,429,9,18,456,344
NAMPULA,NAMPULA,URBANO DE NAMICOPO,NAMICOPO,CENTRO AEA - PALMEIRAS "2",0304006 .,800,65,24,300,4,1,1,0,0,395,11,8,414,386
NAMPULA,NAMPULA,URBANO DE NAMICOPO,NAMICOPO,CENTRO AEA - PALMEIRAS "2",0304007 .,800,69,13,330,2,2,1,1,0,418,13,3,434,366
NAMPULA,NAMPULA,URBANO DE NAMICOPO,NAMICOPO,CENTRO AEA - PALMEIRAS "2",0304008 .,399,40,14,160,2,0,0,0,0,216,4,2,222,177
NAMPULA,NAMPULA,URBANO DE NAMICOPO,NAMICOPO,CENTRO AEA - U/C EDUARDO MONDLANE,0303901 .,800,147,40,292,6,0,2,2,0,489,6,15,510,290
NAMPULA,NAMPULA,URBANO DE NAMICOPO,NAMICOPO,CENTRO AEA - U/C EDUARDO MONDLANE,0303902 .,800,144,37,336,4,1,1,0,0,523,16,5,544,256
NAMPULA,NAMPULA,URBANO DE NAMICOPO,NAMICOPO,CENTRO AEA - U/C EDUARDO MONDLANE,0303903 .,800,151,27,266,5,0,1,0,0,450,10,4,464,336
NAMPULA,NAMPULA,URBANO DE NAMICOPO,NAMICOPO,CENTRO AEA - U/C EDUARDO MONDLANE,0303904 .,800,143,22,266,6,0,1,0,0,438,7,10,455,345
NAMPULA,NAMPULA,URBANO DE NAMICOPO,NAMICOPO,CENTRO AEA - U/C EDUARDO MONDLANE,0303905 .,800,123,25,295,2,1,0,0,2,448,3,12,463,337
NAMPULA,NAMPULA,URBANO DE NAMICOPO,NAMICOPO,CENTRO AEA - U/C EDUARDO MONDLANE,0303906 .,800,121,14,239,2,0,1,2,1,380,8,12,400,400
NAMPULA,NAMPULA,URBANO DE NAMICOPO,NAMICOPO,CENTRO AEA - U/C EDUARDO MONDLANE,0303907 .,586,74,24,211,5,0,0,1,0,315,7,16,338,248
NAMPULA,NAMPULA,URBANO DE NAMICOPO,NAMICOPO,EP1 - 1 DE JANEIRO,0303601 .,800,183,22,323,4,0,2,3,1,538,14,6,558,242
NAMPULA,NAMPULA,URBANO DE NAMICOPO,NAMICOPO,EP1 - 1 DE JANEIRO,0303602 .,800,154,16,288,2,1,0,0,3,464,5,9,478,322
NAMPULA,NAMPULA,URBANO DE NAMICOPO,NAMICOPO,EP1 - 1 DE JANEIRO,0303603 .,800,136,17,258,6,0,2,0,1,420,8,10,438,362
NAMPULA,NAMPULA,URBANO DE NAMICOPO,NAMICOPO,EP1 - 1 DE JANEIRO,0303604 .,800,177,26,267,2,0,0,0,0,472,7,4,483,317
NAMPULA,NAMPULA,URBANO DE NAMICOPO,NAMICOPO,EP1 - 1 DE JANEIRO,0303605 .,800,186,23,284,3,0,2,3,0,501,6,10,517,283
NAMPULA,NAMPULA,URBANO DE NAMICOPO,NAMICOPO,EP1 - 1 DE JANEIRO,0303606 .,723,170,17,264,2,0,0,0,0,453,10,3,466,257
NAMPULA,NAMPULA,URBANO DE NAMICOPO,NAMICOPO,EP1 - NAMICOPO "2",0303501 .,800,100,31,343,10,0,0,1,1,486,10,22,518,282
NAMPULA,NAMPULA,URBANO DE NAMICOPO,NAMICOPO,EP1 - NAMICOPO "2",0303502 .,800,102,27,370,7,0,1,1,1,509,6,25,540,260
NAMPULA,NAMPULA,URBANO DE NAMICOPO,NAMICOPO,EP1 - NAMICOPO "2",0303503 .,800,85,14,305,6,2,0,0,0,412,17,20,449,351
NAMPULA,NAMPULA,URBANO DE NAMICOPO,NAMICOPO,EP1 - NAMICOPO "2",0303504 .,800,121,14,377,11,0,0,1,0,524,19,11,554,246
NAMPULA,NAMPULA,URBANO DE NAMICOPO,NAMICOPO,EP1 - NAMICOPO "2",0303505 .,800,90,27,273,8,0,1,0,1,400,7,16,423,377
NAMPULA,NAMPULA,URBANO DE NAMICOPO,NAMICOPO,EP1 - NAMICOPO "2",0303506 .,800,110,13,310,9,0,1,0,1,444,8,14,466,334
NAMPULA,NAMPULA,URBANO DE NAMICOPO,NAMICOPO,EP1 - NAMICOPO "2",0303507 .,800,94,15,289,5,0,0,1,1,405,24,7,436,364
NAMPULA,NAMPULA,URBANO DE NAMICOPO,NAMICOPO,EP1 - NAMICOPO "2",0303508 .,775,68,14,287,8,0,1,1,1,380,19,17,416,359
NAMPULA,NAMPULA,URBANO DE NAMICOPO,NAMICOPO,EP1 - SAUA- SAUA,0303701 .,800,94,35,260,3,0,0,1,0,393,14,20,427,373
NAMPULA,NAMPULA,URBANO DE NAMICOPO,NAMICOPO,EP1 - SAUA- SAUA,0303702 .,800,69,40,201,11,0,0,0,0,321,17,5,343,457
NAMPULA,NAMPULA,URBANO DE NAMICOPO,NAMICOPO,EP1 - SAUA- SAUA,0303703 .,436,30,18,141,4,0,1,0,0,194,10,2,206,230
NAMPULA,NAMPULA,URBANO DE NAMICOPO,NAMICOPO,ESCOLA SEC. MARCELINO DOS SANTOS   NOVO,0304101 .,800,120,46,240,11,0,2,1,0,420,15,13,448,352
NAMPULA,NAMPULA,URBANO DE NAMICOPO,NAMICOPO,ESCOLA SEC. MARCELINO DOS SANTOS   NOVO,0304102 .,800,72,44,280,6,0,1,1,1,405,11,6,422,378
NAMPULA,NAMPULA,URBANO DE NAMICOPO,NAMICOPO,ESCOLA SEC. MARCELINO DOS SANTOS   NOVO,0304103 .,800,89,38,284,11,0,2,0,1,425,14,12,451,349
NAMPULA,NAMPULA,URBANO DE NAMICOPO,NAMICOPO,ESCOLA SEC. MARCELINO DOS SANTOS   NOVO,0304104 .,800,69,29,251,8,0,0,0,0,357,22,13,392,408
NAMPULA,NAMPULA,URBANO DE NAMICOPO,NAMICOPO,ESCOLA SEC. MARCELINO DOS SANTOS   NOVO,0304105 .,800,68,23,256,7,1,1,0,1,357,8,6,371,429
NAMPULA,NAMPULA,URBANO DE NAMICOPO,NAMICOPO,ESCOLA SEC. MARCELINO DOS SANTOS   NOVO,0304106 .,800,75,31,267,5,0,0,2,1,381,17,17,415,385
NAMPULA,NAMPULA,URBANO DE NAMICOPO,NAMICOPO,ESCOLA SEC. MARCELINO DOS SANTOS   NOVO,0304107 .,742,54,27,266,2,0,0,0,1,350,14,10,374,368
NAMPULA,NAMPULA,URBANO DE NAMICOPO,NAMICOPO,MULILA,0303801 .,800,113,19,299,11,0,0,0,1,443,10,27,480,320
NAMPULA,NAMPULA,URBANO DE NAMICOPO,NAMICOPO,MULILA,0303802 .,800,126,27,378,8,0,1,0,0,540,10,14,564,236
NAMPULA,NAMPULA,URBANO DE NAMICOPO,NAMICOPO,MULILA,0303803 .,800,142,39,304,5,0,0,2,3,495,9,4,508,292
NAMPULA,NAMPULA,URBANO DE NAMICOPO,NAMICOPO,MULILA,0303804 .,800,115,31,299,4,0,1,0,0,450,16,12,478,322
NAMPULA,NAMPULA,URBANO DE NAMICOPO,NAMICOPO,MULILA,0303805 .,800,133,29,354,9,0,3,2,2,532,11,14,557,243
NAMPULA,NAMPULA,URBANO DE NAMICOPO,NAMICOPO,MULILA,0303806 .,800,130,27,326,11,0,3,0,0,497,9,9,515,285
NAMPULA,NAMPULA,URBANO DE NAMICOPO,NAMICOPO,MULILA,0303807 .,800,123,21,314,4,0,0,1,4,467,0,7,474,326
NAMPULA,NAMPULA,URBANO DE NAMICOPO,NAMICOPO,MULILA,0303808 .,400,52,10,181,4,0,1,0,0,248,5,2,255,145
NAMPULA,NAMPULA,URBANO DE NAPIPINE,CARRUPEIA,CENTRO HIPICO,0304801 .,800,250,19,245,5,0,2,0,2,523,11,38,572,228
NAMPULA,NAMPULA,URBANO DE NAPIPINE,CARRUPEIA,CENTRO HIPICO,0304802 .,800,254,15,273,2,0,1,1,1,547,11,9,567,233
NAMPULA,NAMPULA,URBANO DE NAPIPINE,CARRUPEIA,CENTRO HIPICO,0304803 .,800,223,19,273,4,0,1,2,2,524,12,14,550,250
NAMPULA,NAMPULA,URBANO DE NAPIPINE,CARRUPEIA,CENTRO HIPICO,0304804 .,800,176,18,283,5,1,1,0,1,485,2,12,499,301
NAMPULA,NAMPULA,URBANO DE NAPIPINE,CARRUPEIA,CENTRO HIPICO,0304805 .,800,206,12,258,6,3,0,1,2,488,12,12,512,288
NAMPULA,NAMPULA,URBANO DE NAPIPINE,CARRUPEIA,CENTRO HIPICO,0304806 .,800,233,17,286,2,2,0,0,5,545,12,2,559,241
NAMPULA,NAMPULA,URBANO DE NAPIPINE,CARRUPEIA,CENTRO HIPICO,0304807 .,800,190,21,290,5,0,1,2,1,510,6,8,524,276
NAMPULA,NAMPULA,URBANO DE NAPIPINE,CARRUPEIA,CENTRO HIPICO,0304808 .,310,86,6,108,1,0,0,0,0,201,1,2,204,106
NAMPULA,NAMPULA,URBANO DE NAPIPINE,CARRUPEIA,EP1 - NAMICOPO,0305001 .,800,156,15,350,5,0,1,1,6,534,8,10,552,248
NAMPULA,NAMPULA,URBANO DE NAPIPINE,CARRUPEIA,EP1 - NAMICOPO,0305002 .,800,146,14,373,6,1,2,0,2,544,6,12,562,238
NAMPULA,NAMPULA,URBANO DE NAPIPINE,CARRUPEIA,EP1 - NAMICOPO,0305003 .,800,142,10,393,1,0,3,0,1,550,4,5,559,241
NAMPULA,NAMPULA,URBANO DE NAPIPINE,CARRUPEIA,EP1 - NAMICOPO,0305004 .,800,110,17,323,7,1,1,0,1,460,9,15,484,316
NAMPULA,NAMPULA,URBANO DE NAPIPINE,CARRUPEIA,EP1 - NAMICOPO,0305005 .,800,108,9,307,4,0,1,0,4,433,7,17,457,343
NAMPULA,NAMPULA,URBANO DE NAPIPINE,CARRUPEIA,EP1 - NAMICOPO,0305006 .,800,133,19,302,3,1,0,1,1,460,15,12,487,313
NAMPULA,NAMPULA,URBANO DE NAPIPINE,CARRUPEIA,EP1 - NAMICOPO,0305007 .,800,126,16,325,5,0,2,1,0,475,4,6,485,315
NAMPULA,NAMPULA,URBANO DE NAPIPINE,CARRUPEIA,EP1 - NAMICOPO,0305008 .,790,116,13,326,6,0,0,0,2,463,14,5,482,308
NAMPULA,NAMPULA,URBANO DE NAPIPINE,CARRUPEIA,EP1 - NIARRO,0305201 .,800,104,65,278,7,0,0,2,1,457,31,12,500,300
NAMPULA,NAMPULA,URBANO DE NAPIPINE,CARRUPEIA,EP1 - NIARRO,0305202 .,800,91,58,176,2,0,0,2,1,330,24,23,377,423
NAMPULA,NAMPULA,URBANO DE NAPIPINE,CARRUPEIA,EP1 - NIARRO,0305203 .,800,80,35,200,3,0,0,0,1,319,9,7,335,465
NAMPULA,NAMPULA,URBANO DE NAPIPINE,CARRUPEIA,EP1 - NIARRO,0305204A .,470,36,9,102,1,0,0,1,1,150,6,6,162,308
NAMPULA,NAMPULA,URBANO DE NAPIPINE,CARRUPEIA,EP1 - NIARRO,0305204B .,470,45,16,90,1,0,0,0,2,154,2,5,161,309
NAMPULA,NAMPULA,URBANO DE NAPIPINE,CARRUPEIA,EPC- BARRAGEM,0305101 .,800,176,23,261,4,0,1,1,3,469,14,16,499,301
NAMPULA,NAMPULA,URBANO DE NAPIPINE,CARRUPEIA,EPC- BARRAGEM,0305102 .,800,225,45,274,6,0,1,1,3,555,10,9,574,226
NAMPULA,NAMPULA,URBANO DE NAPIPINE,CARRUPEIA,EPC- BARRAGEM,0305103 .,800,148,29,247,14,1,2,0,6,447,6,5,458,342
NAMPULA,NAMPULA,URBANO DE NAPIPINE,CARRUPEIA,EPC- BARRAGEM,0305104 .,800,167,28,288,11,0,0,0,1,495,16,6,517,283
NAMPULA,NAMPULA,URBANO DE NAPIPINE,CARRUPEIA,EPC- BARRAGEM,0305105 .,800,159,28,270,7,1,0,0,2,467,7,6,480,320
NAMPULA,NAMPULA,URBANO DE NAPIPINE,CARRUPEIA,EPC- BARRAGEM,0305106 .,800,185,18,248,8,0,2,1,2,464,8,4,476,324
NAMPULA,NAMPULA,URBANO DE NAPIPINE,CARRUPEIA,EPC- BARRAGEM,0305107 .,800,146,29,289,7,0,2,2,0,475,9,7,491,309
NAMPULA,NAMPULA,URBANO DE NAPIPINE,CARRUPEIA,EPC- BARRAGEM,0334701 .,318,67,10,110,2,0,2,0,0,191,1,1,193,125
NAMPULA,NAMPULA,URBANO DE NAPIPINE,CARRUPEIA,IPET          2,0304901 .,800,143,12,369,9,0,1,1,5,540,15,4,559,241
NAMPULA,NAMPULA,URBANO DE NAPIPINE,CARRUPEIA,IPET          2,0304902 .,800,115,15,338,7,0,0,0,2,477,11,13,501,299
NAMPULA,NAMPULA,URBANO DE NAPIPINE,CARRUPEIA,IPET          2,0304903 .,800,120,23,274,8,0,1,1,2,429,4,12,445,355
NAMPULA,NAMPULA,URBANO DE NAPIPINE,CARRUPEIA,IPET          2,0304904 .,800,146,20,300,10,1,0,0,1,478,6,15,499,301
NAMPULA,NAMPULA,URBANO DE NAPIPINE,CARRUPEIA,IPET          2,0304905 .,800,138,21,313,4,0,0,1,3,480,6,5,491,309
NAMPULA,NAMPULA,URBANO DE NAPIPINE,CARRUPEIA,IPET          2,0304906 .,800,130,20,261,9,2,0,0,1,423,13,9,445,355
NAMPULA,NAMPULA,URBANO DE NAPIPINE,CARRUPEIA,IPET          2,0304907 .,800,124,15,253,5,0,2,1,0,400,5,30,435,365
NAMPULA,NAMPULA,URBANO DE NAPIPINE,CARRUPEIA,IPET          2,0337001 .,615,90,10,223,8,0,2,1,1,335,5,3,343,272
NAMPULA,NAMPULA,URBANO DE NAPIPINE,NAPIPINE,EP1 - NAHENE ,0304701 .,800,97,42,211,6,0,1,1,0,358,14,10,382,418
NAMPULA,NAMPULA,URBANO DE NAPIPINE,NAPIPINE,EP1 - NAHENE ,0304702 .,800,55,28,195,3,1,0,0,2,284,11,7,302,498
NAMPULA,NAMPULA,URBANO DE NAPIPINE,NAPIPINE,EP1 - NAHENE ,0304703 .,800,40,38,217,4,0,0,1,1,301,8,3,312,488
NAMPULA,NAMPULA,URBANO DE NAPIPINE,NAPIPINE,EP1 - NAHENE ,0304704A .,465,35,9,111,1,0,0,1,0,157,3,5,165,300
NAMPULA,NAMPULA,URBANO DE NAPIPINE,NAPIPINE,EP1 - NAHENE ,0304704B .,464,24,6,109,2,0,0,1,0,142,2,13,157,307
NAMPULA,NAMPULA,URBANO DE NAPIPINE,NAPIPINE,EPC - NAPIPINE,0304601 .,800,281,30,233,5,0,1,1,5,556,5,9,570,230
NAMPULA,NAMPULA,URBANO DE NAPIPINE,NAPIPINE,EPC - NAPIPINE,0304602 .,800,237,28,241,4,1,1,1,4,517,7,7,531,269
NAMPULA,NAMPULA,URBANO DE NAPIPINE,NAPIPINE,EPC - NAPIPINE,0304603 .,800,281,24,234,5,0,1,1,2,548,9,8,565,235
NAMPULA,NAMPULA,URBANO DE NAPIPINE,NAPIPINE,EPC - NAPIPINE,0304604 .,800,251,18,222,5,0,0,1,2,499,3,9,511,289
NAMPULA,NAMPULA,URBANO DE NAPIPINE,NAPIPINE,EPC - NAPIPINE,0304605 .,800,256,26,218,5,0,0,1,4,510,5,15,530,270
NAMPULA,NAMPULA,URBANO DE NAPIPINE,NAPIPINE,EPC - NAPIPINE,0304606 .,800,248,20,242,9,0,0,0,2,521,6,8,535,265
NAMPULA,NAMPULA,URBANO DE NAPIPINE,NAPIPINE,EPC - NAPIPINE,0304607A .,548,150,23,180,2,0,0,0,4,359,1,3,363,185
NAMPULA,NAMPULA,URBANO DE NAPIPINE,NAPIPINE,EPC - NAPIPINE,0304608 .,548,152,14,187,2,0,1,1,5,362,3,7,372,176
NAMPULA,NAMPULA,URBANO DE NATIKIRI,MARRERE,EP1 - NAMIGONHA,0306101 .,800,74,26,255,17,1,2,0,3,378,22,24,424,376
NAMPULA,NAMPULA,URBANO DE NATIKIRI,MARRERE,EP1 - NAMIGONHA,0306102 .,800,58,31,189,11,1,0,0,2,292,20,14,326,474
NAMPULA,NAMPULA,URBANO DE NATIKIRI,MARRERE,EP1 - NAMIGONHA,0306103 .,800,103,19,138,5,1,2,0,0,268,18,8,294,506
NAMPULA,NAMPULA,URBANO DE NATIKIRI,MARRERE,EP1 - NAMIGONHA,0306104 .,800,96,16,138,5,0,0,0,1,256,7,4,267,533
NAMPULA,NAMPULA,URBANO DE NATIKIRI,MARRERE,EP1 - NAMIGONHA,0306105 .,800,125,6,155,2,1,1,1,0,291,19,6,316,484
NAMPULA,NAMPULA,URBANO DE NATIKIRI,MARRERE,EP1 - NAMIGONHA,0306106 .,800,104,8,127,1,0,2,0,1,243,5,4,252,548
NAMPULA,NAMPULA,URBANO DE NATIKIRI,MARRERE,EP1 - NAMIGONHA,0306107 .,622,47,10,98,3,0,0,0,0,158,3,3,164,458
NAMPULA,NAMPULA,URBANO DE NATIKIRI,MARRERE,EP1 - NAPUEIA,0306301 .,800,148,33,222,15,1,2,0,2,423,18,7,448,352
NAMPULA,NAMPULA,URBANO DE NATIKIRI,MARRERE,EP1 - NAPUEIA,0306302 .,800,69,24,179,10,0,2,1,1,286,10,9,305,495
NAMPULA,NAMPULA,URBANO DE NATIKIRI,MARRERE,EP1 - NAPUEIA,0306303 .,800,58,18,138,8,1,0,0,0,223,4,5,232,568
NAMPULA,NAMPULA,URBANO DE NATIKIRI,MARRERE,EP1 - NAPUEIA,0306304A .,445,35,5,79,3,0,0,0,0,122,8,2,132,313
NAMPULA,NAMPULA,URBANO DE NATIKIRI,MARRERE,EP1 - NAPUEIA,0306304B .,445,47,7,55,3,1,0,0,0,113,3,1,117,328
NAMPULA,NAMPULA,URBANO DE NATIKIRI,MARRERE,EPC - MARRERE,0306201 .,800,135,49,255,4,4,1,0,0,448,11,14,473,327
NAMPULA,NAMPULA,URBANO DE NATIKIRI,MARRERE,EPC - MARRERE,0306202 .,800,99,33,208,3,0,4,0,2,349,17,49,415,385
NAMPULA,NAMPULA,URBANO DE NATIKIRI,MARRERE,EPC - MARRERE,0306203 .,800,119,48,225,7,0,1,0,4,404,7,8,419,381
NAMPULA,NAMPULA,URBANO DE NATIKIRI,MARRERE,EPC - MARRERE,0306204 .,800,97,42,261,2,0,0,1,1,404,10,10,424,376
NAMPULA,NAMPULA,URBANO DE NATIKIRI,MARRERE,EPC - MARRERE,0306205 .,800,128,27,231,4,2,0,3,3,398,1,0,399,401
NAMPULA,NAMPULA,URBANO DE NATIKIRI,MARRERE,EPC - MARRERE,0306206 .,800,117,30,225,3,0,0,0,2,377,14,8,399,401
NAMPULA,NAMPULA,URBANO DE NATIKIRI,MARRERE,EPC - MARRERE,0306207 .,531,81,19,168,3,0,0,0,0,271,4,4,279,252
NAMPULA,NAMPULA,URBANO DE NATIKIRI,MARRERE,EPC - NAMATHERA                           NOVO,0306401 .,800,83,39,266,7,3,11,1,17,427,15,17,459,341
NAMPULA,NAMPULA,URBANO DE NATIKIRI,MARRERE,EPC - NAMATHERA                           NOVO,0306402 .,800,47,53,196,8,1,3,1,9,318,11,14,343,457
NAMPULA,NAMPULA,URBANO DE NATIKIRI,MARRERE,EPC - NAMATHERA                           NOVO,0306403 .,800,79,35,190,1,0,3,0,2,310,15,2,327,473
NAMPULA,NAMPULA,URBANO DE NATIKIRI,MARRERE,EPC - NAMATHERA                           NOVO,0306404A .,453,38,11,103,3,0,1,0,2,158,4,4,166,287
NAMPULA,NAMPULA,URBANO DE NATIKIRI,MARRERE,EPC - NAMATHERA                           NOVO,0306404B .,452,33,8,133,1,0,1,0,1,177,2,3,182,270
NAMPULA,NAMPULA,URBANO DE NATIKIRI,MURRAPANIUA,EP1 - ACORDOS DE LUSAKA,0305801 .,800,88,41,253,8,0,1,0,7,398,20,21,439,361
NAMPULA,NAMPULA,URBANO DE NATIKIRI,MURRAPANIUA,EP1 - ACORDOS DE LUSAKA,0305802 .,800,88,30,188,5,1,1,0,1,314,6,20,340,460
NAMPULA,NAMPULA,URBANO DE NATIKIRI,MURRAPANIUA,EP1 - ACORDOS DE LUSAKA,0305803 .,800,69,16,211,3,1,0,0,1,301,10,3,314,486
NAMPULA,NAMPULA,URBANO DE NATIKIRI,MURRAPANIUA,EP1 - ACORDOS DE LUSAKA,0305804 .,800,57,22,190,2,1,1,3,5,281,9,9,299,501
NAMPULA,NAMPULA,URBANO DE NATIKIRI,MURRAPANIUA,EP1 - ACORDOS DE LUSAKA,0305805 .,651,69,13,179,1,0,0,0,2,264,9,4,277,374
NAMPULA,NAMPULA,URBANO DE NATIKIRI,MURRAPANIUA,EP1 - MURRAPANIUA,0305601 .,800,192,68,300,5,1,0,1,8,575,11,10,596,204
NAMPULA,NAMPULA,URBANO DE NATIKIRI,MURRAPANIUA,EP1 - MURRAPANIUA,0305602 .,800,154,47,287,2,1,0,0,3,494,11,9,514,286
NAMPULA,NAMPULA,URBANO DE NATIKIRI,MURRAPANIUA,EP1 - MURRAPANIUA,0305603 .,800,146,47,332,3,0,0,2,3,533,8,33,574,226
NAMPULA,NAMPULA,URBANO DE NATIKIRI,MURRAPANIUA,EP1 - MURRAPANIUA,0305604 .,800,149,46,265,4,0,0,0,8,472,14,11,497,303
NAMPULA,NAMPULA,URBANO DE NATIKIRI,MURRAPANIUA,EP1 - MURRAPANIUA,0305605 .,800,143,46,316,2,0,0,0,3,510,12,11,533,267
NAMPULA,NAMPULA,URBANO DE NATIKIRI,MURRAPANIUA,EP1 - MURRAPANIUA,0305606 .,800,174,38,291,4,0,0,0,5,512,12,9,533,267
NAMPULA,NAMPULA,URBANO DE NATIKIRI,MURRAPANIUA,EP1 - MURRAPANIUA,0305607 .,642,108,26,264,1,0,1,0,6,406,8,4,418,224
NAMPULA,NAMPULA,URBANO DE NATIKIRI,MURRAPANIUA,EPC - MURRAPANIUA - 2                    NOVO,0306001 .,800,133,50,287,4,0,0,0,2,476,8,16,500,300
NAMPULA,NAMPULA,URBANO DE NATIKIRI,MURRAPANIUA,EPC - MURRAPANIUA - 2                    NOVO,0306002 .,800,125,40,294,5,2,1,2,7,476,9,7,492,308
NAMPULA,NAMPULA,URBANO DE NATIKIRI,MURRAPANIUA,EPC - MURRAPANIUA - 2                    NOVO,0306003 .,800,121,30,281,4,0,0,0,3,439,19,2,460,340
NAMPULA,NAMPULA,URBANO DE NATIKIRI,MURRAPANIUA,EPC - MURRAPANIUA - 2                    NOVO,0306004 .,800,101,34,280,2,1,0,0,3,421,19,10,450,350
NAMPULA,NAMPULA,URBANO DE NATIKIRI,MURRAPANIUA,EPC - MURRAPANIUA - 2                    NOVO,0306005 .,800,124,31,311,1,0,1,0,3,471,15,7,493,307
NAMPULA,NAMPULA,URBANO DE NATIKIRI,MURRAPANIUA,EPC - MURRAPANIUA - 2                    NOVO,0306006 .,800,107,26,266,1,0,1,1,1,403,10,4,417,383
NAMPULA,NAMPULA,URBANO DE NATIKIRI,MURRAPANIUA,EPC - MURRAPANIUA - 2                    NOVO,0306007A .,487,59,24,181,2,1,0,0,1,268,6,1,275,212
NAMPULA,NAMPULA,URBANO DE NATIKIRI,MURRAPANIUA,EPC - MURRAPANIUA - 2                    NOVO,0306007B .,487,69,11,184,2,0,1,0,2,269,12,0,281,206
NAMPULA,NAMPULA,URBANO DE NATIKIRI,MURRAPANIUA,EPC- MUTHIMACANHA,0305901 .,800,102,47,334,3,2,0,0,3,491,9,16,516,284
NAMPULA,NAMPULA,URBANO DE NATIKIRI,MURRAPANIUA,EPC- MUTHIMACANHA,0305902 .,800,99,27,305,4,1,1,1,1,439,7,7,453,347
NAMPULA,NAMPULA,URBANO DE NATIKIRI,MURRAPANIUA,EPC- MUTHIMACANHA,0305903 .,800,82,31,307,5,1,0,1,3,430,10,9,449,351
NAMPULA,NAMPULA,URBANO DE NATIKIRI,MURRAPANIUA,EPC- MUTHIMACANHA,0305904 .,800,76,35,260,6,1,0,0,2,380,5,9,394,406
NAMPULA,NAMPULA,URBANO DE NATIKIRI,MURRAPANIUA,EPC- MUTHIMACANHA,0305905 .,739,85,27,266,7,0,1,0,1,387,10,4,401,338
NAMPULA,NAMPULA,URBANO DE NATIKIRI,MURRAPANIUA,EPC-1 DE JUNHO         NOVO,0305701 .,800,146,59,344,12,0,1,1,1,564,13,12,589,211
NAMPULA,NAMPULA,URBANO DE NATIKIRI,MURRAPANIUA,EPC-1 DE JUNHO         NOVO,0305702 .,800,133,42,339,5,0,0,2,4,525,21,16,562,238
NAMPULA,NAMPULA,URBANO DE NATIKIRI,MURRAPANIUA,EPC-1 DE JUNHO         NOVO,0305703 .,800,122,40,352,4,1,1,0,4,524,5,6,535,265
NAMPULA,NAMPULA,URBANO DE NATIKIRI,MURRAPANIUA,EPC-1 DE JUNHO         NOVO,0305704 .,800,128,40,257,5,0,0,0,2,432,7,23,462,338
NAMPULA,NAMPULA,URBANO DE NATIKIRI,MURRAPANIUA,EPC-1 DE JUNHO         NOVO,0305705 .,800,119,39,322,2,0,0,1,4,487,9,7,503,297
NAMPULA,NAMPULA,URBANO DE NATIKIRI,MURRAPANIUA,EPC-1 DE JUNHO         NOVO,0305706A .,544,61,25,216,3,0,0,1,2,308,9,4,321,223
NAMPULA,NAMPULA,URBANO DE NATIKIRI,MURRAPANIUA,EPC-1 DE JUNHO         NOVO,0305707 .,543,77,19,199,3,0,0,0,1,299,5,2,306,237
NAMPULA,NAMPULA,URBANO DE NATIKIRI,NATIKIRI,EP1 - PEDREIRA,0305301 .,800,106,35,322,8,1,2,0,4,478,5,9,492,308
NAMPULA,NAMPULA,URBANO DE NATIKIRI,NATIKIRI,EP1 - PEDREIRA,0305302 .,800,112,37,290,4,0,0,0,4,447,4,6,457,343
NAMPULA,NAMPULA,URBANO DE NATIKIRI,NATIKIRI,EP1 - PEDREIRA,0305303 .,800,112,36,298,8,3,1,1,3,462,11,18,491,309
NAMPULA,NAMPULA,URBANO DE NATIKIRI,NATIKIRI,EP1 - PEDREIRA,0305304 .,800,105,25,252,5,2,0,0,3,392,14,7,413,387
NAMPULA,NAMPULA,URBANO DE NATIKIRI,NATIKIRI,EP1 - PEDREIRA,0305305 .,800,108,27,301,3,1,0,0,0,440,5,3,448,352
NAMPULA,NAMPULA,URBANO DE NATIKIRI,NATIKIRI,EP1 - PEDREIRA,0305306 .,800,130,22,244,2,0,0,0,1,399,12,9,420,380
NAMPULA,NAMPULA,URBANO DE NATIKIRI,NATIKIRI,EP1 - PEDREIRA,0305307 .,744,102,21,251,4,0,1,0,3,382,10,3,395,349
NAMPULA,NAMPULA,URBANO DE NATIKIRI,NATIKIRI,ESCOLA SECUNDÁRIA - TEACANE,0305401 .,800,200,39,283,7,0,1,2,7,539,8,5,552,248
NAMPULA,NAMPULA,URBANO DE NATIKIRI,NATIKIRI,ESCOLA SECUNDÁRIA - TEACANE,0305402 .,800,173,42,302,6,0,1,1,3,528,8,8,544,256
NAMPULA,NAMPULA,URBANO DE NATIKIRI,NATIKIRI,ESCOLA SECUNDÁRIA - TEACANE,0305403 .,800,190,55,258,4,2,0,1,1,511,6,14,531,269
NAMPULA,NAMPULA,URBANO DE NATIKIRI,NATIKIRI,ESCOLA SECUNDÁRIA - TEACANE,0305404 .,800,171,47,202,4,0,0,1,2,427,1,4,432,368
NAMPULA,NAMPULA,URBANO DE NATIKIRI,NATIKIRI,ESCOLA SECUNDÁRIA - TEACANE,0305405 .,800,149,27,244,4,0,0,1,3,428,9,5,442,358
NAMPULA,NAMPULA,URBANO DE NATIKIRI,NATIKIRI,ESCOLA SECUNDÁRIA - TEACANE,0305406 .,800,177,42,278,4,1,0,1,7,510,9,4,523,277
NAMPULA,NAMPULA,URBANO DE NATIKIRI,NATIKIRI,ESCOLA SECUNDÁRIA - TEACANE,0305407 .,800,180,26,257,5,1,0,0,3,472,7,8,487,313
NAMPULA,NAMPULA,URBANO DE NATIKIRI,NATIKIRI,ESCOLA SECUNDÁRIA - TEACANE,0305408 .,509,84,21,183,0,0,0,0,2,290,6,5,301,208
NAMPULA,NAMPULA,URBANO DE NATIKIRI,NATIKIRI,ESCOLA SECÚNDARIA DE NATIKIRI         NOVO,0305501 .,800,102,25,276,10,1,3,1,8,426,11,16,453,347
NAMPULA,NAMPULA,URBANO DE NATIKIRI,NATIKIRI,ESCOLA SECÚNDARIA DE NATIKIRI         NOVO,0305502 .,800,96,41,286,8,0,1,0,5,437,11,10,458,342
NAMPULA,NAMPULA,URBANO DE NATIKIRI,NATIKIRI,ESCOLA SECÚNDARIA DE NATIKIRI         NOVO,0305503 .,800,97,27,258,4,1,0,1,5,393,8,1,402,398
NAMPULA,NAMPULA,URBANO DE NATIKIRI,NATIKIRI,ESCOLA SECÚNDARIA DE NATIKIRI         NOVO,0305504 .,800,133,26,196,0,0,0,0,3,358,9,9,376,424
NAMPULA,NAMPULA,URBANO DE NATIKIRI,NATIKIRI,ESCOLA SECÚNDARIA DE NATIKIRI         NOVO,0305505 .,800,193,14,187,3,0,1,2,3,403,11,9,423,377
NAMPULA,NAMPULA,URBANO DE NATIKIRI,NATIKIRI,ESCOLA SECÚNDARIA DE NATIKIRI         NOVO,0305506 .,800,192,15,184,2,0,0,0,2,395,10,1,406,394
NAMPULA,NAMPULA,URBANO DE NATIKIRI,NATIKIRI,ESCOLA SECÚNDARIA DE NATIKIRI         NOVO,0305507 .,772,105,19,236,2,1,1,0,3,367,5,2,374,398
